profile type,profile name,parameter name,parameter value
NeighborListProfile,NeighbourList_SR4.5_full,ENBFunction.EUtranCellTDD.NeighborList.LTECell.1.EnbType,2
NeighborListProfile,NeighbourList_SR4.5_full,ENBFunction.EUtranCellTDD.NeighborList.LTECell.1.CID,1
NeighborListProfile,NeighbourList_SR4.5_full,ENBFunction.EUtranCellTDD.NeighborList.LTECell.1.PhyCellID,1
NeighborListProfile,NeighbourList_SR4.5_full,ENBFunction.EUtranCellTDD.NeighborList.LTECell.1.PLMNID,46001
NeighborListProfile,NeighbourList_SR4.5_full,ENBFunction.EUtranCellTDD.NeighborList.LTECell.1.RSTxPower,0
NeighborListProfile,NeighbourList_SR4.5_full,ENBFunction.EUtranCellTDD.NeighborList.LTECell.1.TAC,8738
NeighborListProfile,NeighbourList_SR4.5_full,ENBFunction.EUtranCellTDD.NeighborList.LTECell.1.QOffset,0
NeighborListProfile,NeighbourList_SR4.5_full,ENBFunction.EUtranCellTDD.NeighborList.LTECell.1.Blacklisted,0
NeighborListProfile,NeighbourList_SR4.5_full,ENBFunction.EUtranCellTDD.NeighborList.LTECell.1.CSGIndication,0
NeighborListProfile,NeighbourList_SR4.5_full,ENBFunction.EUtranCellTDD.NeighborList.LTECell.1.EUTRACarrierARFCN,39051
NeighborListProfile,NeighbourList_SR4.5_full,ENBFunction.EUtranCellTDD.NeighborList.LTECell.1.CIO,0
NeighborListProfile,NeighbourList_SR4.5_full,ENBFunction.EUtranCellTDD.NeighborList.LTECell.1.CSGId,0
NeighborListProfile,NeighbourList_SR4.5_full,ENBFunction.EUtranCellTDD.NeighborList.LTECell.1.RemoveAllowed,0
,,,
NeighborListProfile,NeighbourList_SR4.5_full,ENBFunction.EUtranCellTDD.NeighborList.LTECell.2.EnbType,2
NeighborListProfile,NeighbourList_SR4.5_full,ENBFunction.EUtranCellTDD.NeighborList.LTECell.2.CID,2
NeighborListProfile,NeighbourList_SR4.5_full,ENBFunction.EUtranCellTDD.NeighborList.LTECell.2.PhyCellID,2
NeighborListProfile,NeighbourList_SR4.5_full,ENBFunction.EUtranCellTDD.NeighborList.LTECell.2.PLMNID,46001
NeighborListProfile,NeighbourList_SR4.5_full,ENBFunction.EUtranCellTDD.NeighborList.LTECell.2.RSTxPower,0
NeighborListProfile,NeighbourList_SR4.5_full,ENBFunction.EUtranCellTDD.NeighborList.LTECell.2.TAC,8738
NeighborListProfile,NeighbourList_SR4.5_full,ENBFunction.EUtranCellTDD.NeighborList.LTECell.2.QOffset,0
NeighborListProfile,NeighbourList_SR4.5_full,ENBFunction.EUtranCellTDD.NeighborList.LTECell.2.Blacklisted,0
NeighborListProfile,NeighbourList_SR4.5_full,ENBFunction.EUtranCellTDD.NeighborList.LTECell.2.CSGIndication,0
NeighborListProfile,NeighbourList_SR4.5_full,ENBFunction.EUtranCellTDD.NeighborList.LTECell.2.EUTRACarrierARFCN,39051
NeighborListProfile,NeighbourList_SR4.5_full,ENBFunction.EUtranCellTDD.NeighborList.LTECell.2.CIO,0
NeighborListProfile,NeighbourList_SR4.5_full,ENBFunction.EUtranCellTDD.NeighborList.LTECell.2.CSGId,0
NeighborListProfile,NeighbourList_SR4.5_full,ENBFunction.EUtranCellTDD.NeighborList.LTECell.2.RemoveAllowed,0
,,,
NeighborListProfile,NeighbourList_SR4.5_full,ENBFunction.EUtranCellTDD.NeighborList.LTECell.3.EnbType,2
NeighborListProfile,NeighbourList_SR4.5_full,ENBFunction.EUtranCellTDD.NeighborList.LTECell.3.CID,3
NeighborListProfile,NeighbourList_SR4.5_full,ENBFunction.EUtranCellTDD.NeighborList.LTECell.3.PhyCellID,3
NeighborListProfile,NeighbourList_SR4.5_full,ENBFunction.EUtranCellTDD.NeighborList.LTECell.3.PLMNID,46001
NeighborListProfile,NeighbourList_SR4.5_full,ENBFunction.EUtranCellTDD.NeighborList.LTECell.3.RSTxPower,0
NeighborListProfile,NeighbourList_SR4.5_full,ENBFunction.EUtranCellTDD.NeighborList.LTECell.3.TAC,8738
NeighborListProfile,NeighbourList_SR4.5_full,ENBFunction.EUtranCellTDD.NeighborList.LTECell.3.QOffset,0
NeighborListProfile,NeighbourList_SR4.5_full,ENBFunction.EUtranCellTDD.NeighborList.LTECell.3.Blacklisted,0
NeighborListProfile,NeighbourList_SR4.5_full,ENBFunction.EUtranCellTDD.NeighborList.LTECell.3.CSGIndication,0
NeighborListProfile,NeighbourList_SR4.5_full,ENBFunction.EUtranCellTDD.NeighborList.LTECell.3.EUTRACarrierARFCN,39051
NeighborListProfile,NeighbourList_SR4.5_full,ENBFunction.EUtranCellTDD.NeighborList.LTECell.3.CIO,0
NeighborListProfile,NeighbourList_SR4.5_full,ENBFunction.EUtranCellTDD.NeighborList.LTECell.3.CSGId,0
NeighborListProfile,NeighbourList_SR4.5_full,ENBFunction.EUtranCellTDD.NeighborList.LTECell.3.RemoveAllowed,0
,,,
NeighborListProfile,NeighbourList_SR4.5_full,ENBFunction.EUtranCellTDD.NeighborList.LTECell.4.EnbType,2
NeighborListProfile,NeighbourList_SR4.5_full,ENBFunction.EUtranCellTDD.NeighborList.LTECell.4.CID,4
NeighborListProfile,NeighbourList_SR4.5_full,ENBFunction.EUtranCellTDD.NeighborList.LTECell.4.PhyCellID,4
NeighborListProfile,NeighbourList_SR4.5_full,ENBFunction.EUtranCellTDD.NeighborList.LTECell.4.PLMNID,46001
NeighborListProfile,NeighbourList_SR4.5_full,ENBFunction.EUtranCellTDD.NeighborList.LTECell.4.RSTxPower,0
NeighborListProfile,NeighbourList_SR4.5_full,ENBFunction.EUtranCellTDD.NeighborList.LTECell.4.TAC,8738
NeighborListProfile,NeighbourList_SR4.5_full,ENBFunction.EUtranCellTDD.NeighborList.LTECell.4.QOffset,0
NeighborListProfile,NeighbourList_SR4.5_full,ENBFunction.EUtranCellTDD.NeighborList.LTECell.4.Blacklisted,0
NeighborListProfile,NeighbourList_SR4.5_full,ENBFunction.EUtranCellTDD.NeighborList.LTECell.4.CSGIndication,0
NeighborListProfile,NeighbourList_SR4.5_full,ENBFunction.EUtranCellTDD.NeighborList.LTECell.4.EUTRACarrierARFCN,39051
NeighborListProfile,NeighbourList_SR4.5_full,ENBFunction.EUtranCellTDD.NeighborList.LTECell.4.CIO,0
NeighborListProfile,NeighbourList_SR4.5_full,ENBFunction.EUtranCellTDD.NeighborList.LTECell.4.CSGId,0
NeighborListProfile,NeighbourList_SR4.5_full,ENBFunction.EUtranCellTDD.NeighborList.LTECell.4.RemoveAllowed,0
,,,
NeighborListProfile,NeighbourList_SR4.5_full,ENBFunction.EUtranCellTDD.NeighborList.LTECell.5.EnbType,2
NeighborListProfile,NeighbourList_SR4.5_full,ENBFunction.EUtranCellTDD.NeighborList.LTECell.5.CID,5
NeighborListProfile,NeighbourList_SR4.5_full,ENBFunction.EUtranCellTDD.NeighborList.LTECell.5.PhyCellID,5
NeighborListProfile,NeighbourList_SR4.5_full,ENBFunction.EUtranCellTDD.NeighborList.LTECell.5.PLMNID,46001
NeighborListProfile,NeighbourList_SR4.5_full,ENBFunction.EUtranCellTDD.NeighborList.LTECell.5.RSTxPower,0
NeighborListProfile,NeighbourList_SR4.5_full,ENBFunction.EUtranCellTDD.NeighborList.LTECell.5.TAC,8738
NeighborListProfile,NeighbourList_SR4.5_full,ENBFunction.EUtranCellTDD.NeighborList.LTECell.5.QOffset,0
NeighborListProfile,NeighbourList_SR4.5_full,ENBFunction.EUtranCellTDD.NeighborList.LTECell.5.Blacklisted,0
NeighborListProfile,NeighbourList_SR4.5_full,ENBFunction.EUtranCellTDD.NeighborList.LTECell.5.CSGIndication,0
NeighborListProfile,NeighbourList_SR4.5_full,ENBFunction.EUtranCellTDD.NeighborList.LTECell.5.EUTRACarrierARFCN,39051
NeighborListProfile,NeighbourList_SR4.5_full,ENBFunction.EUtranCellTDD.NeighborList.LTECell.5.CIO,0
NeighborListProfile,NeighbourList_SR4.5_full,ENBFunction.EUtranCellTDD.NeighborList.LTECell.5.CSGId,0
NeighborListProfile,NeighbourList_SR4.5_full,ENBFunction.EUtranCellTDD.NeighborList.LTECell.5.RemoveAllowed,0
,,,
NeighborListProfile,NeighbourList_SR4.5_full,ENBFunction.EUtranCellTDD.NeighborList.LTECell.6.EnbType,2
NeighborListProfile,NeighbourList_SR4.5_full,ENBFunction.EUtranCellTDD.NeighborList.LTECell.6.CID,6
NeighborListProfile,NeighbourList_SR4.5_full,ENBFunction.EUtranCellTDD.NeighborList.LTECell.6.PhyCellID,6
NeighborListProfile,NeighbourList_SR4.5_full,ENBFunction.EUtranCellTDD.NeighborList.LTECell.6.PLMNID,46001
NeighborListProfile,NeighbourList_SR4.5_full,ENBFunction.EUtranCellTDD.NeighborList.LTECell.6.RSTxPower,0
NeighborListProfile,NeighbourList_SR4.5_full,ENBFunction.EUtranCellTDD.NeighborList.LTECell.6.TAC,8738
NeighborListProfile,NeighbourList_SR4.5_full,ENBFunction.EUtranCellTDD.NeighborList.LTECell.6.QOffset,0
NeighborListProfile,NeighbourList_SR4.5_full,ENBFunction.EUtranCellTDD.NeighborList.LTECell.6.Blacklisted,0
NeighborListProfile,NeighbourList_SR4.5_full,ENBFunction.EUtranCellTDD.NeighborList.LTECell.6.CSGIndication,0
NeighborListProfile,NeighbourList_SR4.5_full,ENBFunction.EUtranCellTDD.NeighborList.LTECell.6.EUTRACarrierARFCN,39051
NeighborListProfile,NeighbourList_SR4.5_full,ENBFunction.EUtranCellTDD.NeighborList.LTECell.6.CIO,0
NeighborListProfile,NeighbourList_SR4.5_full,ENBFunction.EUtranCellTDD.NeighborList.LTECell.6.CSGId,0
NeighborListProfile,NeighbourList_SR4.5_full,ENBFunction.EUtranCellTDD.NeighborList.LTECell.6.RemoveAllowed,0
,,,
NeighborListProfile,NeighbourList_SR4.5_full,ENBFunction.EUtranCellTDD.NeighborList.LTECell.7.EnbType,2
NeighborListProfile,NeighbourList_SR4.5_full,ENBFunction.EUtranCellTDD.NeighborList.LTECell.7.CID,7
NeighborListProfile,NeighbourList_SR4.5_full,ENBFunction.EUtranCellTDD.NeighborList.LTECell.7.PhyCellID,7
NeighborListProfile,NeighbourList_SR4.5_full,ENBFunction.EUtranCellTDD.NeighborList.LTECell.7.PLMNID,46001
NeighborListProfile,NeighbourList_SR4.5_full,ENBFunction.EUtranCellTDD.NeighborList.LTECell.7.RSTxPower,0
NeighborListProfile,NeighbourList_SR4.5_full,ENBFunction.EUtranCellTDD.NeighborList.LTECell.7.TAC,8738
NeighborListProfile,NeighbourList_SR4.5_full,ENBFunction.EUtranCellTDD.NeighborList.LTECell.7.QOffset,0
NeighborListProfile,NeighbourList_SR4.5_full,ENBFunction.EUtranCellTDD.NeighborList.LTECell.7.Blacklisted,0
NeighborListProfile,NeighbourList_SR4.5_full,ENBFunction.EUtranCellTDD.NeighborList.LTECell.7.CSGIndication,0
NeighborListProfile,NeighbourList_SR4.5_full,ENBFunction.EUtranCellTDD.NeighborList.LTECell.7.EUTRACarrierARFCN,39051
NeighborListProfile,NeighbourList_SR4.5_full,ENBFunction.EUtranCellTDD.NeighborList.LTECell.7.CIO,0
NeighborListProfile,NeighbourList_SR4.5_full,ENBFunction.EUtranCellTDD.NeighborList.LTECell.7.CSGId,0
NeighborListProfile,NeighbourList_SR4.5_full,ENBFunction.EUtranCellTDD.NeighborList.LTECell.7.RemoveAllowed,0
,,,
NeighborListProfile,NeighbourList_SR4.5_full,ENBFunction.EUtranCellTDD.NeighborList.LTECell.8.EnbType,2
NeighborListProfile,NeighbourList_SR4.5_full,ENBFunction.EUtranCellTDD.NeighborList.LTECell.8.CID,8
NeighborListProfile,NeighbourList_SR4.5_full,ENBFunction.EUtranCellTDD.NeighborList.LTECell.8.PhyCellID,8
NeighborListProfile,NeighbourList_SR4.5_full,ENBFunction.EUtranCellTDD.NeighborList.LTECell.8.PLMNID,46001
NeighborListProfile,NeighbourList_SR4.5_full,ENBFunction.EUtranCellTDD.NeighborList.LTECell.8.RSTxPower,0
NeighborListProfile,NeighbourList_SR4.5_full,ENBFunction.EUtranCellTDD.NeighborList.LTECell.8.TAC,8738
NeighborListProfile,NeighbourList_SR4.5_full,ENBFunction.EUtranCellTDD.NeighborList.LTECell.8.QOffset,0
NeighborListProfile,NeighbourList_SR4.5_full,ENBFunction.EUtranCellTDD.NeighborList.LTECell.8.Blacklisted,0
NeighborListProfile,NeighbourList_SR4.5_full,ENBFunction.EUtranCellTDD.NeighborList.LTECell.8.CSGIndication,0
NeighborListProfile,NeighbourList_SR4.5_full,ENBFunction.EUtranCellTDD.NeighborList.LTECell.8.EUTRACarrierARFCN,39051
NeighborListProfile,NeighbourList_SR4.5_full,ENBFunction.EUtranCellTDD.NeighborList.LTECell.8.CIO,0
NeighborListProfile,NeighbourList_SR4.5_full,ENBFunction.EUtranCellTDD.NeighborList.LTECell.8.CSGId,0
NeighborListProfile,NeighbourList_SR4.5_full,ENBFunction.EUtranCellTDD.NeighborList.LTECell.8.RemoveAllowed,0
,,,
NeighborListProfile,NeighbourList_SR4.5_full,ENBFunction.EUtranCellTDD.NeighborList.LTECell.9.EnbType,2
NeighborListProfile,NeighbourList_SR4.5_full,ENBFunction.EUtranCellTDD.NeighborList.LTECell.9.CID,9
NeighborListProfile,NeighbourList_SR4.5_full,ENBFunction.EUtranCellTDD.NeighborList.LTECell.9.PhyCellID,9
NeighborListProfile,NeighbourList_SR4.5_full,ENBFunction.EUtranCellTDD.NeighborList.LTECell.9.PLMNID,46001
NeighborListProfile,NeighbourList_SR4.5_full,ENBFunction.EUtranCellTDD.NeighborList.LTECell.9.RSTxPower,0
NeighborListProfile,NeighbourList_SR4.5_full,ENBFunction.EUtranCellTDD.NeighborList.LTECell.9.TAC,8738
NeighborListProfile,NeighbourList_SR4.5_full,ENBFunction.EUtranCellTDD.NeighborList.LTECell.9.QOffset,0
NeighborListProfile,NeighbourList_SR4.5_full,ENBFunction.EUtranCellTDD.NeighborList.LTECell.9.Blacklisted,0
NeighborListProfile,NeighbourList_SR4.5_full,ENBFunction.EUtranCellTDD.NeighborList.LTECell.9.CSGIndication,0
NeighborListProfile,NeighbourList_SR4.5_full,ENBFunction.EUtranCellTDD.NeighborList.LTECell.9.EUTRACarrierARFCN,39051
NeighborListProfile,NeighbourList_SR4.5_full,ENBFunction.EUtranCellTDD.NeighborList.LTECell.9.CIO,0
NeighborListProfile,NeighbourList_SR4.5_full,ENBFunction.EUtranCellTDD.NeighborList.LTECell.9.CSGId,0
NeighborListProfile,NeighbourList_SR4.5_full,ENBFunction.EUtranCellTDD.NeighborList.LTECell.9.RemoveAllowed,0
,,,
NeighborListProfile,NeighbourList_SR4.5_full,ENBFunction.EUtranCellTDD.NeighborList.LTECell.10.EnbType,2
NeighborListProfile,NeighbourList_SR4.5_full,ENBFunction.EUtranCellTDD.NeighborList.LTECell.10.CID,10
NeighborListProfile,NeighbourList_SR4.5_full,ENBFunction.EUtranCellTDD.NeighborList.LTECell.10.PhyCellID,10
NeighborListProfile,NeighbourList_SR4.5_full,ENBFunction.EUtranCellTDD.NeighborList.LTECell.10.PLMNID,46001
NeighborListProfile,NeighbourList_SR4.5_full,ENBFunction.EUtranCellTDD.NeighborList.LTECell.10.RSTxPower,0
NeighborListProfile,NeighbourList_SR4.5_full,ENBFunction.EUtranCellTDD.NeighborList.LTECell.10.TAC,8738
NeighborListProfile,NeighbourList_SR4.5_full,ENBFunction.EUtranCellTDD.NeighborList.LTECell.10.QOffset,0
NeighborListProfile,NeighbourList_SR4.5_full,ENBFunction.EUtranCellTDD.NeighborList.LTECell.10.Blacklisted,0
NeighborListProfile,NeighbourList_SR4.5_full,ENBFunction.EUtranCellTDD.NeighborList.LTECell.10.CSGIndication,0
NeighborListProfile,NeighbourList_SR4.5_full,ENBFunction.EUtranCellTDD.NeighborList.LTECell.10.EUTRACarrierARFCN,39051
NeighborListProfile,NeighbourList_SR4.5_full,ENBFunction.EUtranCellTDD.NeighborList.LTECell.10.CIO,0
NeighborListProfile,NeighbourList_SR4.5_full,ENBFunction.EUtranCellTDD.NeighborList.LTECell.10.CSGId,0
NeighborListProfile,NeighbourList_SR4.5_full,ENBFunction.EUtranCellTDD.NeighborList.LTECell.10.RemoveAllowed,0
,,,
NeighborListProfile,NeighbourList_SR4.5_full,ENBFunction.EUtranCellTDD.NeighborList.LTECell.11.EnbType,2
NeighborListProfile,NeighbourList_SR4.5_full,ENBFunction.EUtranCellTDD.NeighborList.LTECell.11.CID,11
NeighborListProfile,NeighbourList_SR4.5_full,ENBFunction.EUtranCellTDD.NeighborList.LTECell.11.PhyCellID,11
NeighborListProfile,NeighbourList_SR4.5_full,ENBFunction.EUtranCellTDD.NeighborList.LTECell.11.PLMNID,46001
NeighborListProfile,NeighbourList_SR4.5_full,ENBFunction.EUtranCellTDD.NeighborList.LTECell.11.RSTxPower,0
NeighborListProfile,NeighbourList_SR4.5_full,ENBFunction.EUtranCellTDD.NeighborList.LTECell.11.TAC,8738
NeighborListProfile,NeighbourList_SR4.5_full,ENBFunction.EUtranCellTDD.NeighborList.LTECell.11.QOffset,0
NeighborListProfile,NeighbourList_SR4.5_full,ENBFunction.EUtranCellTDD.NeighborList.LTECell.11.Blacklisted,0
NeighborListProfile,NeighbourList_SR4.5_full,ENBFunction.EUtranCellTDD.NeighborList.LTECell.11.CSGIndication,0
NeighborListProfile,NeighbourList_SR4.5_full,ENBFunction.EUtranCellTDD.NeighborList.LTECell.11.EUTRACarrierARFCN,39051
NeighborListProfile,NeighbourList_SR4.5_full,ENBFunction.EUtranCellTDD.NeighborList.LTECell.11.CIO,0
NeighborListProfile,NeighbourList_SR4.5_full,ENBFunction.EUtranCellTDD.NeighborList.LTECell.11.CSGId,0
NeighborListProfile,NeighbourList_SR4.5_full,ENBFunction.EUtranCellTDD.NeighborList.LTECell.11.RemoveAllowed,0
,,,
NeighborListProfile,NeighbourList_SR4.5_full,ENBFunction.EUtranCellTDD.NeighborList.LTECell.12.EnbType,2
NeighborListProfile,NeighbourList_SR4.5_full,ENBFunction.EUtranCellTDD.NeighborList.LTECell.12.CID,12
NeighborListProfile,NeighbourList_SR4.5_full,ENBFunction.EUtranCellTDD.NeighborList.LTECell.12.PhyCellID,12
NeighborListProfile,NeighbourList_SR4.5_full,ENBFunction.EUtranCellTDD.NeighborList.LTECell.12.PLMNID,46001
NeighborListProfile,NeighbourList_SR4.5_full,ENBFunction.EUtranCellTDD.NeighborList.LTECell.12.RSTxPower,0
NeighborListProfile,NeighbourList_SR4.5_full,ENBFunction.EUtranCellTDD.NeighborList.LTECell.12.TAC,8738
NeighborListProfile,NeighbourList_SR4.5_full,ENBFunction.EUtranCellTDD.NeighborList.LTECell.12.QOffset,0
NeighborListProfile,NeighbourList_SR4.5_full,ENBFunction.EUtranCellTDD.NeighborList.LTECell.12.Blacklisted,0
NeighborListProfile,NeighbourList_SR4.5_full,ENBFunction.EUtranCellTDD.NeighborList.LTECell.12.CSGIndication,0
NeighborListProfile,NeighbourList_SR4.5_full,ENBFunction.EUtranCellTDD.NeighborList.LTECell.12.EUTRACarrierARFCN,39051
NeighborListProfile,NeighbourList_SR4.5_full,ENBFunction.EUtranCellTDD.NeighborList.LTECell.12.CIO,0
NeighborListProfile,NeighbourList_SR4.5_full,ENBFunction.EUtranCellTDD.NeighborList.LTECell.12.CSGId,0
NeighborListProfile,NeighbourList_SR4.5_full,ENBFunction.EUtranCellTDD.NeighborList.LTECell.12.RemoveAllowed,0
,,,
NeighborListProfile,NeighbourList_SR4.5_full,ENBFunction.EUtranCellTDD.NeighborList.LTECell.13.EnbType,2
NeighborListProfile,NeighbourList_SR4.5_full,ENBFunction.EUtranCellTDD.NeighborList.LTECell.13.CID,13
NeighborListProfile,NeighbourList_SR4.5_full,ENBFunction.EUtranCellTDD.NeighborList.LTECell.13.PhyCellID,13
NeighborListProfile,NeighbourList_SR4.5_full,ENBFunction.EUtranCellTDD.NeighborList.LTECell.13.PLMNID,46001
NeighborListProfile,NeighbourList_SR4.5_full,ENBFunction.EUtranCellTDD.NeighborList.LTECell.13.RSTxPower,0
NeighborListProfile,NeighbourList_SR4.5_full,ENBFunction.EUtranCellTDD.NeighborList.LTECell.13.TAC,8738
NeighborListProfile,NeighbourList_SR4.5_full,ENBFunction.EUtranCellTDD.NeighborList.LTECell.13.QOffset,0
NeighborListProfile,NeighbourList_SR4.5_full,ENBFunction.EUtranCellTDD.NeighborList.LTECell.13.Blacklisted,0
NeighborListProfile,NeighbourList_SR4.5_full,ENBFunction.EUtranCellTDD.NeighborList.LTECell.13.CSGIndication,0
NeighborListProfile,NeighbourList_SR4.5_full,ENBFunction.EUtranCellTDD.NeighborList.LTECell.13.EUTRACarrierARFCN,39051
NeighborListProfile,NeighbourList_SR4.5_full,ENBFunction.EUtranCellTDD.NeighborList.LTECell.13.CIO,0
NeighborListProfile,NeighbourList_SR4.5_full,ENBFunction.EUtranCellTDD.NeighborList.LTECell.13.CSGId,0
NeighborListProfile,NeighbourList_SR4.5_full,ENBFunction.EUtranCellTDD.NeighborList.LTECell.13.RemoveAllowed,0
,,,
NeighborListProfile,NeighbourList_SR4.5_full,ENBFunction.EUtranCellTDD.NeighborList.LTECell.14.EnbType,2
NeighborListProfile,NeighbourList_SR4.5_full,ENBFunction.EUtranCellTDD.NeighborList.LTECell.14.CID,14
NeighborListProfile,NeighbourList_SR4.5_full,ENBFunction.EUtranCellTDD.NeighborList.LTECell.14.PhyCellID,14
NeighborListProfile,NeighbourList_SR4.5_full,ENBFunction.EUtranCellTDD.NeighborList.LTECell.14.PLMNID,46001
NeighborListProfile,NeighbourList_SR4.5_full,ENBFunction.EUtranCellTDD.NeighborList.LTECell.14.RSTxPower,0
NeighborListProfile,NeighbourList_SR4.5_full,ENBFunction.EUtranCellTDD.NeighborList.LTECell.14.TAC,8738
NeighborListProfile,NeighbourList_SR4.5_full,ENBFunction.EUtranCellTDD.NeighborList.LTECell.14.QOffset,0
NeighborListProfile,NeighbourList_SR4.5_full,ENBFunction.EUtranCellTDD.NeighborList.LTECell.14.Blacklisted,0
NeighborListProfile,NeighbourList_SR4.5_full,ENBFunction.EUtranCellTDD.NeighborList.LTECell.14.CSGIndication,0
NeighborListProfile,NeighbourList_SR4.5_full,ENBFunction.EUtranCellTDD.NeighborList.LTECell.14.EUTRACarrierARFCN,39051
NeighborListProfile,NeighbourList_SR4.5_full,ENBFunction.EUtranCellTDD.NeighborList.LTECell.14.CIO,0
NeighborListProfile,NeighbourList_SR4.5_full,ENBFunction.EUtranCellTDD.NeighborList.LTECell.14.CSGId,0
NeighborListProfile,NeighbourList_SR4.5_full,ENBFunction.EUtranCellTDD.NeighborList.LTECell.14.RemoveAllowed,0
,,,
NeighborListProfile,NeighbourList_SR4.5_full,ENBFunction.EUtranCellTDD.NeighborList.LTECell.15.EnbType,2
NeighborListProfile,NeighbourList_SR4.5_full,ENBFunction.EUtranCellTDD.NeighborList.LTECell.15.CID,15
NeighborListProfile,NeighbourList_SR4.5_full,ENBFunction.EUtranCellTDD.NeighborList.LTECell.15.PhyCellID,15
NeighborListProfile,NeighbourList_SR4.5_full,ENBFunction.EUtranCellTDD.NeighborList.LTECell.15.PLMNID,46001
NeighborListProfile,NeighbourList_SR4.5_full,ENBFunction.EUtranCellTDD.NeighborList.LTECell.15.RSTxPower,0
NeighborListProfile,NeighbourList_SR4.5_full,ENBFunction.EUtranCellTDD.NeighborList.LTECell.15.TAC,8738
NeighborListProfile,NeighbourList_SR4.5_full,ENBFunction.EUtranCellTDD.NeighborList.LTECell.15.QOffset,0
NeighborListProfile,NeighbourList_SR4.5_full,ENBFunction.EUtranCellTDD.NeighborList.LTECell.15.Blacklisted,0
NeighborListProfile,NeighbourList_SR4.5_full,ENBFunction.EUtranCellTDD.NeighborList.LTECell.15.CSGIndication,0
NeighborListProfile,NeighbourList_SR4.5_full,ENBFunction.EUtranCellTDD.NeighborList.LTECell.15.EUTRACarrierARFCN,39051
NeighborListProfile,NeighbourList_SR4.5_full,ENBFunction.EUtranCellTDD.NeighborList.LTECell.15.CIO,0
NeighborListProfile,NeighbourList_SR4.5_full,ENBFunction.EUtranCellTDD.NeighborList.LTECell.15.CSGId,0
NeighborListProfile,NeighbourList_SR4.5_full,ENBFunction.EUtranCellTDD.NeighborList.LTECell.15.RemoveAllowed,0
,,,
NeighborListProfile,NeighbourList_SR4.5_full,ENBFunction.EUtranCellTDD.NeighborList.LTECell.16.EnbType,2
NeighborListProfile,NeighbourList_SR4.5_full,ENBFunction.EUtranCellTDD.NeighborList.LTECell.16.CID,16
NeighborListProfile,NeighbourList_SR4.5_full,ENBFunction.EUtranCellTDD.NeighborList.LTECell.16.PhyCellID,16
NeighborListProfile,NeighbourList_SR4.5_full,ENBFunction.EUtranCellTDD.NeighborList.LTECell.16.PLMNID,46001
NeighborListProfile,NeighbourList_SR4.5_full,ENBFunction.EUtranCellTDD.NeighborList.LTECell.16.RSTxPower,0
NeighborListProfile,NeighbourList_SR4.5_full,ENBFunction.EUtranCellTDD.NeighborList.LTECell.16.TAC,8738
NeighborListProfile,NeighbourList_SR4.5_full,ENBFunction.EUtranCellTDD.NeighborList.LTECell.16.QOffset,0
NeighborListProfile,NeighbourList_SR4.5_full,ENBFunction.EUtranCellTDD.NeighborList.LTECell.16.Blacklisted,0
NeighborListProfile,NeighbourList_SR4.5_full,ENBFunction.EUtranCellTDD.NeighborList.LTECell.16.CSGIndication,0
NeighborListProfile,NeighbourList_SR4.5_full,ENBFunction.EUtranCellTDD.NeighborList.LTECell.16.EUTRACarrierARFCN,39051
NeighborListProfile,NeighbourList_SR4.5_full,ENBFunction.EUtranCellTDD.NeighborList.LTECell.16.CIO,0
NeighborListProfile,NeighbourList_SR4.5_full,ENBFunction.EUtranCellTDD.NeighborList.LTECell.16.CSGId,0
NeighborListProfile,NeighbourList_SR4.5_full,ENBFunction.EUtranCellTDD.NeighborList.LTECell.16.RemoveAllowed,0
,,,
NeighborListProfile,NeighbourList_SR4.5_full,ENBFunction.EUtranCellTDD.NeighborList.LTECell.17.EnbType,2
NeighborListProfile,NeighbourList_SR4.5_full,ENBFunction.EUtranCellTDD.NeighborList.LTECell.17.CID,17
NeighborListProfile,NeighbourList_SR4.5_full,ENBFunction.EUtranCellTDD.NeighborList.LTECell.17.PhyCellID,17
NeighborListProfile,NeighbourList_SR4.5_full,ENBFunction.EUtranCellTDD.NeighborList.LTECell.17.PLMNID,46001
NeighborListProfile,NeighbourList_SR4.5_full,ENBFunction.EUtranCellTDD.NeighborList.LTECell.17.RSTxPower,0
NeighborListProfile,NeighbourList_SR4.5_full,ENBFunction.EUtranCellTDD.NeighborList.LTECell.17.TAC,8738
NeighborListProfile,NeighbourList_SR4.5_full,ENBFunction.EUtranCellTDD.NeighborList.LTECell.17.QOffset,0
NeighborListProfile,NeighbourList_SR4.5_full,ENBFunction.EUtranCellTDD.NeighborList.LTECell.17.Blacklisted,0
NeighborListProfile,NeighbourList_SR4.5_full,ENBFunction.EUtranCellTDD.NeighborList.LTECell.17.CSGIndication,0
NeighborListProfile,NeighbourList_SR4.5_full,ENBFunction.EUtranCellTDD.NeighborList.LTECell.17.EUTRACarrierARFCN,39051
NeighborListProfile,NeighbourList_SR4.5_full,ENBFunction.EUtranCellTDD.NeighborList.LTECell.17.CIO,0
NeighborListProfile,NeighbourList_SR4.5_full,ENBFunction.EUtranCellTDD.NeighborList.LTECell.17.CSGId,0
NeighborListProfile,NeighbourList_SR4.5_full,ENBFunction.EUtranCellTDD.NeighborList.LTECell.17.RemoveAllowed,0
,,,
NeighborListProfile,NeighbourList_SR4.5_full,ENBFunction.EUtranCellTDD.NeighborList.LTECell.18.EnbType,2
NeighborListProfile,NeighbourList_SR4.5_full,ENBFunction.EUtranCellTDD.NeighborList.LTECell.18.CID,18
NeighborListProfile,NeighbourList_SR4.5_full,ENBFunction.EUtranCellTDD.NeighborList.LTECell.18.PhyCellID,18
NeighborListProfile,NeighbourList_SR4.5_full,ENBFunction.EUtranCellTDD.NeighborList.LTECell.18.PLMNID,46001
NeighborListProfile,NeighbourList_SR4.5_full,ENBFunction.EUtranCellTDD.NeighborList.LTECell.18.RSTxPower,0
NeighborListProfile,NeighbourList_SR4.5_full,ENBFunction.EUtranCellTDD.NeighborList.LTECell.18.TAC,8738
NeighborListProfile,NeighbourList_SR4.5_full,ENBFunction.EUtranCellTDD.NeighborList.LTECell.18.QOffset,0
NeighborListProfile,NeighbourList_SR4.5_full,ENBFunction.EUtranCellTDD.NeighborList.LTECell.18.Blacklisted,0
NeighborListProfile,NeighbourList_SR4.5_full,ENBFunction.EUtranCellTDD.NeighborList.LTECell.18.CSGIndication,0
NeighborListProfile,NeighbourList_SR4.5_full,ENBFunction.EUtranCellTDD.NeighborList.LTECell.18.EUTRACarrierARFCN,39051
NeighborListProfile,NeighbourList_SR4.5_full,ENBFunction.EUtranCellTDD.NeighborList.LTECell.18.CIO,0
NeighborListProfile,NeighbourList_SR4.5_full,ENBFunction.EUtranCellTDD.NeighborList.LTECell.18.CSGId,0
NeighborListProfile,NeighbourList_SR4.5_full,ENBFunction.EUtranCellTDD.NeighborList.LTECell.18.RemoveAllowed,0
,,,
NeighborListProfile,NeighbourList_SR4.5_full,ENBFunction.EUtranCellTDD.NeighborList.LTECell.19.EnbType,2
NeighborListProfile,NeighbourList_SR4.5_full,ENBFunction.EUtranCellTDD.NeighborList.LTECell.19.CID,19
NeighborListProfile,NeighbourList_SR4.5_full,ENBFunction.EUtranCellTDD.NeighborList.LTECell.19.PhyCellID,19
NeighborListProfile,NeighbourList_SR4.5_full,ENBFunction.EUtranCellTDD.NeighborList.LTECell.19.PLMNID,46001
NeighborListProfile,NeighbourList_SR4.5_full,ENBFunction.EUtranCellTDD.NeighborList.LTECell.19.RSTxPower,0
NeighborListProfile,NeighbourList_SR4.5_full,ENBFunction.EUtranCellTDD.NeighborList.LTECell.19.TAC,8738
NeighborListProfile,NeighbourList_SR4.5_full,ENBFunction.EUtranCellTDD.NeighborList.LTECell.19.QOffset,0
NeighborListProfile,NeighbourList_SR4.5_full,ENBFunction.EUtranCellTDD.NeighborList.LTECell.19.Blacklisted,0
NeighborListProfile,NeighbourList_SR4.5_full,ENBFunction.EUtranCellTDD.NeighborList.LTECell.19.CSGIndication,0
NeighborListProfile,NeighbourList_SR4.5_full,ENBFunction.EUtranCellTDD.NeighborList.LTECell.19.EUTRACarrierARFCN,39051
NeighborListProfile,NeighbourList_SR4.5_full,ENBFunction.EUtranCellTDD.NeighborList.LTECell.19.CIO,0
NeighborListProfile,NeighbourList_SR4.5_full,ENBFunction.EUtranCellTDD.NeighborList.LTECell.19.CSGId,0
NeighborListProfile,NeighbourList_SR4.5_full,ENBFunction.EUtranCellTDD.NeighborList.LTECell.19.RemoveAllowed,0
,,,
NeighborListProfile,NeighbourList_SR4.5_full,ENBFunction.EUtranCellTDD.NeighborList.LTECell.20.EnbType,2
NeighborListProfile,NeighbourList_SR4.5_full,ENBFunction.EUtranCellTDD.NeighborList.LTECell.20.CID,20
NeighborListProfile,NeighbourList_SR4.5_full,ENBFunction.EUtranCellTDD.NeighborList.LTECell.20.PhyCellID,20
NeighborListProfile,NeighbourList_SR4.5_full,ENBFunction.EUtranCellTDD.NeighborList.LTECell.20.PLMNID,46001
NeighborListProfile,NeighbourList_SR4.5_full,ENBFunction.EUtranCellTDD.NeighborList.LTECell.20.RSTxPower,0
NeighborListProfile,NeighbourList_SR4.5_full,ENBFunction.EUtranCellTDD.NeighborList.LTECell.20.TAC,8738
NeighborListProfile,NeighbourList_SR4.5_full,ENBFunction.EUtranCellTDD.NeighborList.LTECell.20.QOffset,0
NeighborListProfile,NeighbourList_SR4.5_full,ENBFunction.EUtranCellTDD.NeighborList.LTECell.20.Blacklisted,0
NeighborListProfile,NeighbourList_SR4.5_full,ENBFunction.EUtranCellTDD.NeighborList.LTECell.20.CSGIndication,0
NeighborListProfile,NeighbourList_SR4.5_full,ENBFunction.EUtranCellTDD.NeighborList.LTECell.20.EUTRACarrierARFCN,39051
NeighborListProfile,NeighbourList_SR4.5_full,ENBFunction.EUtranCellTDD.NeighborList.LTECell.20.CIO,0
NeighborListProfile,NeighbourList_SR4.5_full,ENBFunction.EUtranCellTDD.NeighborList.LTECell.20.CSGId,0
NeighborListProfile,NeighbourList_SR4.5_full,ENBFunction.EUtranCellTDD.NeighborList.LTECell.20.RemoveAllowed,0
,,,
NeighborListProfile,NeighbourList_SR4.5_full,ENBFunction.EUtranCellTDD.NeighborList.LTECell.21.EnbType,2
NeighborListProfile,NeighbourList_SR4.5_full,ENBFunction.EUtranCellTDD.NeighborList.LTECell.21.CID,21
NeighborListProfile,NeighbourList_SR4.5_full,ENBFunction.EUtranCellTDD.NeighborList.LTECell.21.PhyCellID,21
NeighborListProfile,NeighbourList_SR4.5_full,ENBFunction.EUtranCellTDD.NeighborList.LTECell.21.PLMNID,46001
NeighborListProfile,NeighbourList_SR4.5_full,ENBFunction.EUtranCellTDD.NeighborList.LTECell.21.RSTxPower,0
NeighborListProfile,NeighbourList_SR4.5_full,ENBFunction.EUtranCellTDD.NeighborList.LTECell.21.TAC,8738
NeighborListProfile,NeighbourList_SR4.5_full,ENBFunction.EUtranCellTDD.NeighborList.LTECell.21.QOffset,0
NeighborListProfile,NeighbourList_SR4.5_full,ENBFunction.EUtranCellTDD.NeighborList.LTECell.21.Blacklisted,0
NeighborListProfile,NeighbourList_SR4.5_full,ENBFunction.EUtranCellTDD.NeighborList.LTECell.21.CSGIndication,0
NeighborListProfile,NeighbourList_SR4.5_full,ENBFunction.EUtranCellTDD.NeighborList.LTECell.21.EUTRACarrierARFCN,39051
NeighborListProfile,NeighbourList_SR4.5_full,ENBFunction.EUtranCellTDD.NeighborList.LTECell.21.CIO,0
NeighborListProfile,NeighbourList_SR4.5_full,ENBFunction.EUtranCellTDD.NeighborList.LTECell.21.CSGId,0
NeighborListProfile,NeighbourList_SR4.5_full,ENBFunction.EUtranCellTDD.NeighborList.LTECell.21.RemoveAllowed,0
,,,
NeighborListProfile,NeighbourList_SR4.5_full,ENBFunction.EUtranCellTDD.NeighborList.LTECell.22.EnbType,2
NeighborListProfile,NeighbourList_SR4.5_full,ENBFunction.EUtranCellTDD.NeighborList.LTECell.22.CID,22
NeighborListProfile,NeighbourList_SR4.5_full,ENBFunction.EUtranCellTDD.NeighborList.LTECell.22.PhyCellID,22
NeighborListProfile,NeighbourList_SR4.5_full,ENBFunction.EUtranCellTDD.NeighborList.LTECell.22.PLMNID,46001
NeighborListProfile,NeighbourList_SR4.5_full,ENBFunction.EUtranCellTDD.NeighborList.LTECell.22.RSTxPower,0
NeighborListProfile,NeighbourList_SR4.5_full,ENBFunction.EUtranCellTDD.NeighborList.LTECell.22.TAC,8738
NeighborListProfile,NeighbourList_SR4.5_full,ENBFunction.EUtranCellTDD.NeighborList.LTECell.22.QOffset,0
NeighborListProfile,NeighbourList_SR4.5_full,ENBFunction.EUtranCellTDD.NeighborList.LTECell.22.Blacklisted,0
NeighborListProfile,NeighbourList_SR4.5_full,ENBFunction.EUtranCellTDD.NeighborList.LTECell.22.CSGIndication,0
NeighborListProfile,NeighbourList_SR4.5_full,ENBFunction.EUtranCellTDD.NeighborList.LTECell.22.EUTRACarrierARFCN,39051
NeighborListProfile,NeighbourList_SR4.5_full,ENBFunction.EUtranCellTDD.NeighborList.LTECell.22.CIO,0
NeighborListProfile,NeighbourList_SR4.5_full,ENBFunction.EUtranCellTDD.NeighborList.LTECell.22.CSGId,0
NeighborListProfile,NeighbourList_SR4.5_full,ENBFunction.EUtranCellTDD.NeighborList.LTECell.22.RemoveAllowed,0
,,,
NeighborListProfile,NeighbourList_SR4.5_full,ENBFunction.EUtranCellTDD.NeighborList.LTECell.23.EnbType,2
NeighborListProfile,NeighbourList_SR4.5_full,ENBFunction.EUtranCellTDD.NeighborList.LTECell.23.CID,23
NeighborListProfile,NeighbourList_SR4.5_full,ENBFunction.EUtranCellTDD.NeighborList.LTECell.23.PhyCellID,23
NeighborListProfile,NeighbourList_SR4.5_full,ENBFunction.EUtranCellTDD.NeighborList.LTECell.23.PLMNID,46001
NeighborListProfile,NeighbourList_SR4.5_full,ENBFunction.EUtranCellTDD.NeighborList.LTECell.23.RSTxPower,0
NeighborListProfile,NeighbourList_SR4.5_full,ENBFunction.EUtranCellTDD.NeighborList.LTECell.23.TAC,8738
NeighborListProfile,NeighbourList_SR4.5_full,ENBFunction.EUtranCellTDD.NeighborList.LTECell.23.QOffset,0
NeighborListProfile,NeighbourList_SR4.5_full,ENBFunction.EUtranCellTDD.NeighborList.LTECell.23.Blacklisted,0
NeighborListProfile,NeighbourList_SR4.5_full,ENBFunction.EUtranCellTDD.NeighborList.LTECell.23.CSGIndication,0
NeighborListProfile,NeighbourList_SR4.5_full,ENBFunction.EUtranCellTDD.NeighborList.LTECell.23.EUTRACarrierARFCN,39051
NeighborListProfile,NeighbourList_SR4.5_full,ENBFunction.EUtranCellTDD.NeighborList.LTECell.23.CIO,0
NeighborListProfile,NeighbourList_SR4.5_full,ENBFunction.EUtranCellTDD.NeighborList.LTECell.23.CSGId,0
NeighborListProfile,NeighbourList_SR4.5_full,ENBFunction.EUtranCellTDD.NeighborList.LTECell.23.RemoveAllowed,0
,,,
NeighborListProfile,NeighbourList_SR4.5_full,ENBFunction.EUtranCellTDD.NeighborList.LTECell.24.EnbType,2
NeighborListProfile,NeighbourList_SR4.5_full,ENBFunction.EUtranCellTDD.NeighborList.LTECell.24.CID,24
NeighborListProfile,NeighbourList_SR4.5_full,ENBFunction.EUtranCellTDD.NeighborList.LTECell.24.PhyCellID,24
NeighborListProfile,NeighbourList_SR4.5_full,ENBFunction.EUtranCellTDD.NeighborList.LTECell.24.PLMNID,46001
NeighborListProfile,NeighbourList_SR4.5_full,ENBFunction.EUtranCellTDD.NeighborList.LTECell.24.RSTxPower,0
NeighborListProfile,NeighbourList_SR4.5_full,ENBFunction.EUtranCellTDD.NeighborList.LTECell.24.TAC,8738
NeighborListProfile,NeighbourList_SR4.5_full,ENBFunction.EUtranCellTDD.NeighborList.LTECell.24.QOffset,0
NeighborListProfile,NeighbourList_SR4.5_full,ENBFunction.EUtranCellTDD.NeighborList.LTECell.24.Blacklisted,0
NeighborListProfile,NeighbourList_SR4.5_full,ENBFunction.EUtranCellTDD.NeighborList.LTECell.24.CSGIndication,0
NeighborListProfile,NeighbourList_SR4.5_full,ENBFunction.EUtranCellTDD.NeighborList.LTECell.24.EUTRACarrierARFCN,39051
NeighborListProfile,NeighbourList_SR4.5_full,ENBFunction.EUtranCellTDD.NeighborList.LTECell.24.CIO,0
NeighborListProfile,NeighbourList_SR4.5_full,ENBFunction.EUtranCellTDD.NeighborList.LTECell.24.CSGId,0
NeighborListProfile,NeighbourList_SR4.5_full,ENBFunction.EUtranCellTDD.NeighborList.LTECell.24.RemoveAllowed,0
,,,
NeighborListProfile,NeighbourList_SR4.5_full,ENBFunction.EUtranCellTDD.NeighborList.LTECell.25.EnbType,2
NeighborListProfile,NeighbourList_SR4.5_full,ENBFunction.EUtranCellTDD.NeighborList.LTECell.25.CID,25
NeighborListProfile,NeighbourList_SR4.5_full,ENBFunction.EUtranCellTDD.NeighborList.LTECell.25.PhyCellID,25
NeighborListProfile,NeighbourList_SR4.5_full,ENBFunction.EUtranCellTDD.NeighborList.LTECell.25.PLMNID,46001
NeighborListProfile,NeighbourList_SR4.5_full,ENBFunction.EUtranCellTDD.NeighborList.LTECell.25.RSTxPower,0
NeighborListProfile,NeighbourList_SR4.5_full,ENBFunction.EUtranCellTDD.NeighborList.LTECell.25.TAC,8738
NeighborListProfile,NeighbourList_SR4.5_full,ENBFunction.EUtranCellTDD.NeighborList.LTECell.25.QOffset,0
NeighborListProfile,NeighbourList_SR4.5_full,ENBFunction.EUtranCellTDD.NeighborList.LTECell.25.Blacklisted,0
NeighborListProfile,NeighbourList_SR4.5_full,ENBFunction.EUtranCellTDD.NeighborList.LTECell.25.CSGIndication,0
NeighborListProfile,NeighbourList_SR4.5_full,ENBFunction.EUtranCellTDD.NeighborList.LTECell.25.EUTRACarrierARFCN,39051
NeighborListProfile,NeighbourList_SR4.5_full,ENBFunction.EUtranCellTDD.NeighborList.LTECell.25.CIO,0
NeighborListProfile,NeighbourList_SR4.5_full,ENBFunction.EUtranCellTDD.NeighborList.LTECell.25.CSGId,0
NeighborListProfile,NeighbourList_SR4.5_full,ENBFunction.EUtranCellTDD.NeighborList.LTECell.25.RemoveAllowed,0
,,,
NeighborListProfile,NeighbourList_SR4.5_full,ENBFunction.EUtranCellTDD.NeighborList.LTECell.26.EnbType,2
NeighborListProfile,NeighbourList_SR4.5_full,ENBFunction.EUtranCellTDD.NeighborList.LTECell.26.CID,26
NeighborListProfile,NeighbourList_SR4.5_full,ENBFunction.EUtranCellTDD.NeighborList.LTECell.26.PhyCellID,26
NeighborListProfile,NeighbourList_SR4.5_full,ENBFunction.EUtranCellTDD.NeighborList.LTECell.26.PLMNID,46001
NeighborListProfile,NeighbourList_SR4.5_full,ENBFunction.EUtranCellTDD.NeighborList.LTECell.26.RSTxPower,0
NeighborListProfile,NeighbourList_SR4.5_full,ENBFunction.EUtranCellTDD.NeighborList.LTECell.26.TAC,8738
NeighborListProfile,NeighbourList_SR4.5_full,ENBFunction.EUtranCellTDD.NeighborList.LTECell.26.QOffset,0
NeighborListProfile,NeighbourList_SR4.5_full,ENBFunction.EUtranCellTDD.NeighborList.LTECell.26.Blacklisted,0
NeighborListProfile,NeighbourList_SR4.5_full,ENBFunction.EUtranCellTDD.NeighborList.LTECell.26.CSGIndication,0
NeighborListProfile,NeighbourList_SR4.5_full,ENBFunction.EUtranCellTDD.NeighborList.LTECell.26.EUTRACarrierARFCN,39051
NeighborListProfile,NeighbourList_SR4.5_full,ENBFunction.EUtranCellTDD.NeighborList.LTECell.26.CIO,0
NeighborListProfile,NeighbourList_SR4.5_full,ENBFunction.EUtranCellTDD.NeighborList.LTECell.26.CSGId,0
NeighborListProfile,NeighbourList_SR4.5_full,ENBFunction.EUtranCellTDD.NeighborList.LTECell.26.RemoveAllowed,0
,,,
NeighborListProfile,NeighbourList_SR4.5_full,ENBFunction.EUtranCellTDD.NeighborList.LTECell.27.EnbType,2
NeighborListProfile,NeighbourList_SR4.5_full,ENBFunction.EUtranCellTDD.NeighborList.LTECell.27.CID,27
NeighborListProfile,NeighbourList_SR4.5_full,ENBFunction.EUtranCellTDD.NeighborList.LTECell.27.PhyCellID,27
NeighborListProfile,NeighbourList_SR4.5_full,ENBFunction.EUtranCellTDD.NeighborList.LTECell.27.PLMNID,46001
NeighborListProfile,NeighbourList_SR4.5_full,ENBFunction.EUtranCellTDD.NeighborList.LTECell.27.RSTxPower,0
NeighborListProfile,NeighbourList_SR4.5_full,ENBFunction.EUtranCellTDD.NeighborList.LTECell.27.TAC,8738
NeighborListProfile,NeighbourList_SR4.5_full,ENBFunction.EUtranCellTDD.NeighborList.LTECell.27.QOffset,0
NeighborListProfile,NeighbourList_SR4.5_full,ENBFunction.EUtranCellTDD.NeighborList.LTECell.27.Blacklisted,0
NeighborListProfile,NeighbourList_SR4.5_full,ENBFunction.EUtranCellTDD.NeighborList.LTECell.27.CSGIndication,0
NeighborListProfile,NeighbourList_SR4.5_full,ENBFunction.EUtranCellTDD.NeighborList.LTECell.27.EUTRACarrierARFCN,39051
NeighborListProfile,NeighbourList_SR4.5_full,ENBFunction.EUtranCellTDD.NeighborList.LTECell.27.CIO,0
NeighborListProfile,NeighbourList_SR4.5_full,ENBFunction.EUtranCellTDD.NeighborList.LTECell.27.CSGId,0
NeighborListProfile,NeighbourList_SR4.5_full,ENBFunction.EUtranCellTDD.NeighborList.LTECell.27.RemoveAllowed,0
,,,
NeighborListProfile,NeighbourList_SR4.5_full,ENBFunction.EUtranCellTDD.NeighborList.LTECell.28.EnbType,2
NeighborListProfile,NeighbourList_SR4.5_full,ENBFunction.EUtranCellTDD.NeighborList.LTECell.28.CID,28
NeighborListProfile,NeighbourList_SR4.5_full,ENBFunction.EUtranCellTDD.NeighborList.LTECell.28.PhyCellID,28
NeighborListProfile,NeighbourList_SR4.5_full,ENBFunction.EUtranCellTDD.NeighborList.LTECell.28.PLMNID,46001
NeighborListProfile,NeighbourList_SR4.5_full,ENBFunction.EUtranCellTDD.NeighborList.LTECell.28.RSTxPower,0
NeighborListProfile,NeighbourList_SR4.5_full,ENBFunction.EUtranCellTDD.NeighborList.LTECell.28.TAC,8738
NeighborListProfile,NeighbourList_SR4.5_full,ENBFunction.EUtranCellTDD.NeighborList.LTECell.28.QOffset,0
NeighborListProfile,NeighbourList_SR4.5_full,ENBFunction.EUtranCellTDD.NeighborList.LTECell.28.Blacklisted,0
NeighborListProfile,NeighbourList_SR4.5_full,ENBFunction.EUtranCellTDD.NeighborList.LTECell.28.CSGIndication,0
NeighborListProfile,NeighbourList_SR4.5_full,ENBFunction.EUtranCellTDD.NeighborList.LTECell.28.EUTRACarrierARFCN,39051
NeighborListProfile,NeighbourList_SR4.5_full,ENBFunction.EUtranCellTDD.NeighborList.LTECell.28.CIO,0
NeighborListProfile,NeighbourList_SR4.5_full,ENBFunction.EUtranCellTDD.NeighborList.LTECell.28.CSGId,0
NeighborListProfile,NeighbourList_SR4.5_full,ENBFunction.EUtranCellTDD.NeighborList.LTECell.28.RemoveAllowed,0
,,,
NeighborListProfile,NeighbourList_SR4.5_full,ENBFunction.EUtranCellTDD.NeighborList.LTECell.29.EnbType,2
NeighborListProfile,NeighbourList_SR4.5_full,ENBFunction.EUtranCellTDD.NeighborList.LTECell.29.CID,29
NeighborListProfile,NeighbourList_SR4.5_full,ENBFunction.EUtranCellTDD.NeighborList.LTECell.29.PhyCellID,29
NeighborListProfile,NeighbourList_SR4.5_full,ENBFunction.EUtranCellTDD.NeighborList.LTECell.29.PLMNID,46001
NeighborListProfile,NeighbourList_SR4.5_full,ENBFunction.EUtranCellTDD.NeighborList.LTECell.29.RSTxPower,0
NeighborListProfile,NeighbourList_SR4.5_full,ENBFunction.EUtranCellTDD.NeighborList.LTECell.29.TAC,8738
NeighborListProfile,NeighbourList_SR4.5_full,ENBFunction.EUtranCellTDD.NeighborList.LTECell.29.QOffset,0
NeighborListProfile,NeighbourList_SR4.5_full,ENBFunction.EUtranCellTDD.NeighborList.LTECell.29.Blacklisted,0
NeighborListProfile,NeighbourList_SR4.5_full,ENBFunction.EUtranCellTDD.NeighborList.LTECell.29.CSGIndication,0
NeighborListProfile,NeighbourList_SR4.5_full,ENBFunction.EUtranCellTDD.NeighborList.LTECell.29.EUTRACarrierARFCN,39051
NeighborListProfile,NeighbourList_SR4.5_full,ENBFunction.EUtranCellTDD.NeighborList.LTECell.29.CIO,0
NeighborListProfile,NeighbourList_SR4.5_full,ENBFunction.EUtranCellTDD.NeighborList.LTECell.29.CSGId,0
NeighborListProfile,NeighbourList_SR4.5_full,ENBFunction.EUtranCellTDD.NeighborList.LTECell.29.RemoveAllowed,0
,,,
NeighborListProfile,NeighbourList_SR4.5_full,ENBFunction.EUtranCellTDD.NeighborList.LTECell.30.EnbType,2
NeighborListProfile,NeighbourList_SR4.5_full,ENBFunction.EUtranCellTDD.NeighborList.LTECell.30.CID,30
NeighborListProfile,NeighbourList_SR4.5_full,ENBFunction.EUtranCellTDD.NeighborList.LTECell.30.PhyCellID,30
NeighborListProfile,NeighbourList_SR4.5_full,ENBFunction.EUtranCellTDD.NeighborList.LTECell.30.PLMNID,46001
NeighborListProfile,NeighbourList_SR4.5_full,ENBFunction.EUtranCellTDD.NeighborList.LTECell.30.RSTxPower,0
NeighborListProfile,NeighbourList_SR4.5_full,ENBFunction.EUtranCellTDD.NeighborList.LTECell.30.TAC,8738
NeighborListProfile,NeighbourList_SR4.5_full,ENBFunction.EUtranCellTDD.NeighborList.LTECell.30.QOffset,0
NeighborListProfile,NeighbourList_SR4.5_full,ENBFunction.EUtranCellTDD.NeighborList.LTECell.30.Blacklisted,0
NeighborListProfile,NeighbourList_SR4.5_full,ENBFunction.EUtranCellTDD.NeighborList.LTECell.30.CSGIndication,0
NeighborListProfile,NeighbourList_SR4.5_full,ENBFunction.EUtranCellTDD.NeighborList.LTECell.30.EUTRACarrierARFCN,39051
NeighborListProfile,NeighbourList_SR4.5_full,ENBFunction.EUtranCellTDD.NeighborList.LTECell.30.CIO,0
NeighborListProfile,NeighbourList_SR4.5_full,ENBFunction.EUtranCellTDD.NeighborList.LTECell.30.CSGId,0
NeighborListProfile,NeighbourList_SR4.5_full,ENBFunction.EUtranCellTDD.NeighborList.LTECell.30.RemoveAllowed,0
,,,
NeighborListProfile,NeighbourList_SR4.5_full,ENBFunction.EUtranCellTDD.NeighborList.LTECell.31.EnbType,2
NeighborListProfile,NeighbourList_SR4.5_full,ENBFunction.EUtranCellTDD.NeighborList.LTECell.31.CID,31
NeighborListProfile,NeighbourList_SR4.5_full,ENBFunction.EUtranCellTDD.NeighborList.LTECell.31.PhyCellID,31
NeighborListProfile,NeighbourList_SR4.5_full,ENBFunction.EUtranCellTDD.NeighborList.LTECell.31.PLMNID,46001
NeighborListProfile,NeighbourList_SR4.5_full,ENBFunction.EUtranCellTDD.NeighborList.LTECell.31.RSTxPower,0
NeighborListProfile,NeighbourList_SR4.5_full,ENBFunction.EUtranCellTDD.NeighborList.LTECell.31.TAC,8738
NeighborListProfile,NeighbourList_SR4.5_full,ENBFunction.EUtranCellTDD.NeighborList.LTECell.31.QOffset,0
NeighborListProfile,NeighbourList_SR4.5_full,ENBFunction.EUtranCellTDD.NeighborList.LTECell.31.Blacklisted,0
NeighborListProfile,NeighbourList_SR4.5_full,ENBFunction.EUtranCellTDD.NeighborList.LTECell.31.CSGIndication,0
NeighborListProfile,NeighbourList_SR4.5_full,ENBFunction.EUtranCellTDD.NeighborList.LTECell.31.EUTRACarrierARFCN,39051
NeighborListProfile,NeighbourList_SR4.5_full,ENBFunction.EUtranCellTDD.NeighborList.LTECell.31.CIO,0
NeighborListProfile,NeighbourList_SR4.5_full,ENBFunction.EUtranCellTDD.NeighborList.LTECell.31.CSGId,0
NeighborListProfile,NeighbourList_SR4.5_full,ENBFunction.EUtranCellTDD.NeighborList.LTECell.31.RemoveAllowed,0
,,,
NeighborListProfile,NeighbourList_SR4.5_full,ENBFunction.EUtranCellTDD.NeighborList.LTECell.32.EnbType,2
NeighborListProfile,NeighbourList_SR4.5_full,ENBFunction.EUtranCellTDD.NeighborList.LTECell.32.CID,32
NeighborListProfile,NeighbourList_SR4.5_full,ENBFunction.EUtranCellTDD.NeighborList.LTECell.32.PhyCellID,32
NeighborListProfile,NeighbourList_SR4.5_full,ENBFunction.EUtranCellTDD.NeighborList.LTECell.32.PLMNID,46001
NeighborListProfile,NeighbourList_SR4.5_full,ENBFunction.EUtranCellTDD.NeighborList.LTECell.32.RSTxPower,0
NeighborListProfile,NeighbourList_SR4.5_full,ENBFunction.EUtranCellTDD.NeighborList.LTECell.32.TAC,8738
NeighborListProfile,NeighbourList_SR4.5_full,ENBFunction.EUtranCellTDD.NeighborList.LTECell.32.QOffset,0
NeighborListProfile,NeighbourList_SR4.5_full,ENBFunction.EUtranCellTDD.NeighborList.LTECell.32.Blacklisted,0
NeighborListProfile,NeighbourList_SR4.5_full,ENBFunction.EUtranCellTDD.NeighborList.LTECell.32.CSGIndication,0
NeighborListProfile,NeighbourList_SR4.5_full,ENBFunction.EUtranCellTDD.NeighborList.LTECell.32.EUTRACarrierARFCN,39051
NeighborListProfile,NeighbourList_SR4.5_full,ENBFunction.EUtranCellTDD.NeighborList.LTECell.32.CIO,0
NeighborListProfile,NeighbourList_SR4.5_full,ENBFunction.EUtranCellTDD.NeighborList.LTECell.32.CSGId,0
NeighborListProfile,NeighbourList_SR4.5_full,ENBFunction.EUtranCellTDD.NeighborList.LTECell.32.RemoveAllowed,0
,,,
NeighborListProfile,NeighbourList_SR4.5_full,ENBFunction.EUtranCellTDD.NeighborList.LTECell.33.EnbType,2
NeighborListProfile,NeighbourList_SR4.5_full,ENBFunction.EUtranCellTDD.NeighborList.LTECell.33.CID,33
NeighborListProfile,NeighbourList_SR4.5_full,ENBFunction.EUtranCellTDD.NeighborList.LTECell.33.PhyCellID,33
NeighborListProfile,NeighbourList_SR4.5_full,ENBFunction.EUtranCellTDD.NeighborList.LTECell.33.PLMNID,46001
NeighborListProfile,NeighbourList_SR4.5_full,ENBFunction.EUtranCellTDD.NeighborList.LTECell.33.RSTxPower,0
NeighborListProfile,NeighbourList_SR4.5_full,ENBFunction.EUtranCellTDD.NeighborList.LTECell.33.TAC,8738
NeighborListProfile,NeighbourList_SR4.5_full,ENBFunction.EUtranCellTDD.NeighborList.LTECell.33.QOffset,0
NeighborListProfile,NeighbourList_SR4.5_full,ENBFunction.EUtranCellTDD.NeighborList.LTECell.33.Blacklisted,0
NeighborListProfile,NeighbourList_SR4.5_full,ENBFunction.EUtranCellTDD.NeighborList.LTECell.33.CSGIndication,0
NeighborListProfile,NeighbourList_SR4.5_full,ENBFunction.EUtranCellTDD.NeighborList.LTECell.33.EUTRACarrierARFCN,39051
NeighborListProfile,NeighbourList_SR4.5_full,ENBFunction.EUtranCellTDD.NeighborList.LTECell.33.CIO,0
NeighborListProfile,NeighbourList_SR4.5_full,ENBFunction.EUtranCellTDD.NeighborList.LTECell.33.CSGId,0
NeighborListProfile,NeighbourList_SR4.5_full,ENBFunction.EUtranCellTDD.NeighborList.LTECell.33.RemoveAllowed,0
,,,
NeighborListProfile,NeighbourList_SR4.5_full,ENBFunction.EUtranCellTDD.NeighborList.LTECell.34.EnbType,2
NeighborListProfile,NeighbourList_SR4.5_full,ENBFunction.EUtranCellTDD.NeighborList.LTECell.34.CID,34
NeighborListProfile,NeighbourList_SR4.5_full,ENBFunction.EUtranCellTDD.NeighborList.LTECell.34.PhyCellID,34
NeighborListProfile,NeighbourList_SR4.5_full,ENBFunction.EUtranCellTDD.NeighborList.LTECell.34.PLMNID,46001
NeighborListProfile,NeighbourList_SR4.5_full,ENBFunction.EUtranCellTDD.NeighborList.LTECell.34.RSTxPower,0
NeighborListProfile,NeighbourList_SR4.5_full,ENBFunction.EUtranCellTDD.NeighborList.LTECell.34.TAC,8738
NeighborListProfile,NeighbourList_SR4.5_full,ENBFunction.EUtranCellTDD.NeighborList.LTECell.34.QOffset,0
NeighborListProfile,NeighbourList_SR4.5_full,ENBFunction.EUtranCellTDD.NeighborList.LTECell.34.Blacklisted,0
NeighborListProfile,NeighbourList_SR4.5_full,ENBFunction.EUtranCellTDD.NeighborList.LTECell.34.CSGIndication,0
NeighborListProfile,NeighbourList_SR4.5_full,ENBFunction.EUtranCellTDD.NeighborList.LTECell.34.EUTRACarrierARFCN,39051
NeighborListProfile,NeighbourList_SR4.5_full,ENBFunction.EUtranCellTDD.NeighborList.LTECell.34.CIO,0
NeighborListProfile,NeighbourList_SR4.5_full,ENBFunction.EUtranCellTDD.NeighborList.LTECell.34.CSGId,0
NeighborListProfile,NeighbourList_SR4.5_full,ENBFunction.EUtranCellTDD.NeighborList.LTECell.34.RemoveAllowed,0
,,,
NeighborListProfile,NeighbourList_SR4.5_full,ENBFunction.EUtranCellTDD.NeighborList.LTECell.35.EnbType,2
NeighborListProfile,NeighbourList_SR4.5_full,ENBFunction.EUtranCellTDD.NeighborList.LTECell.35.CID,35
NeighborListProfile,NeighbourList_SR4.5_full,ENBFunction.EUtranCellTDD.NeighborList.LTECell.35.PhyCellID,35
NeighborListProfile,NeighbourList_SR4.5_full,ENBFunction.EUtranCellTDD.NeighborList.LTECell.35.PLMNID,46001
NeighborListProfile,NeighbourList_SR4.5_full,ENBFunction.EUtranCellTDD.NeighborList.LTECell.35.RSTxPower,0
NeighborListProfile,NeighbourList_SR4.5_full,ENBFunction.EUtranCellTDD.NeighborList.LTECell.35.TAC,8738
NeighborListProfile,NeighbourList_SR4.5_full,ENBFunction.EUtranCellTDD.NeighborList.LTECell.35.QOffset,0
NeighborListProfile,NeighbourList_SR4.5_full,ENBFunction.EUtranCellTDD.NeighborList.LTECell.35.Blacklisted,0
NeighborListProfile,NeighbourList_SR4.5_full,ENBFunction.EUtranCellTDD.NeighborList.LTECell.35.CSGIndication,0
NeighborListProfile,NeighbourList_SR4.5_full,ENBFunction.EUtranCellTDD.NeighborList.LTECell.35.EUTRACarrierARFCN,39051
NeighborListProfile,NeighbourList_SR4.5_full,ENBFunction.EUtranCellTDD.NeighborList.LTECell.35.CIO,0
NeighborListProfile,NeighbourList_SR4.5_full,ENBFunction.EUtranCellTDD.NeighborList.LTECell.35.CSGId,0
NeighborListProfile,NeighbourList_SR4.5_full,ENBFunction.EUtranCellTDD.NeighborList.LTECell.35.RemoveAllowed,0
,,,
NeighborListProfile,NeighbourList_SR4.5_full,ENBFunction.EUtranCellTDD.NeighborList.LTECell.36.EnbType,2
NeighborListProfile,NeighbourList_SR4.5_full,ENBFunction.EUtranCellTDD.NeighborList.LTECell.36.CID,36
NeighborListProfile,NeighbourList_SR4.5_full,ENBFunction.EUtranCellTDD.NeighborList.LTECell.36.PhyCellID,36
NeighborListProfile,NeighbourList_SR4.5_full,ENBFunction.EUtranCellTDD.NeighborList.LTECell.36.PLMNID,46001
NeighborListProfile,NeighbourList_SR4.5_full,ENBFunction.EUtranCellTDD.NeighborList.LTECell.36.RSTxPower,0
NeighborListProfile,NeighbourList_SR4.5_full,ENBFunction.EUtranCellTDD.NeighborList.LTECell.36.TAC,8738
NeighborListProfile,NeighbourList_SR4.5_full,ENBFunction.EUtranCellTDD.NeighborList.LTECell.36.QOffset,0
NeighborListProfile,NeighbourList_SR4.5_full,ENBFunction.EUtranCellTDD.NeighborList.LTECell.36.Blacklisted,0
NeighborListProfile,NeighbourList_SR4.5_full,ENBFunction.EUtranCellTDD.NeighborList.LTECell.36.CSGIndication,0
NeighborListProfile,NeighbourList_SR4.5_full,ENBFunction.EUtranCellTDD.NeighborList.LTECell.36.EUTRACarrierARFCN,39051
NeighborListProfile,NeighbourList_SR4.5_full,ENBFunction.EUtranCellTDD.NeighborList.LTECell.36.CIO,0
NeighborListProfile,NeighbourList_SR4.5_full,ENBFunction.EUtranCellTDD.NeighborList.LTECell.36.CSGId,0
NeighborListProfile,NeighbourList_SR4.5_full,ENBFunction.EUtranCellTDD.NeighborList.LTECell.36.RemoveAllowed,0
,,,
NeighborListProfile,NeighbourList_SR4.5_full,ENBFunction.EUtranCellTDD.NeighborList.LTECell.37.EnbType,2
NeighborListProfile,NeighbourList_SR4.5_full,ENBFunction.EUtranCellTDD.NeighborList.LTECell.37.CID,37
NeighborListProfile,NeighbourList_SR4.5_full,ENBFunction.EUtranCellTDD.NeighborList.LTECell.37.PhyCellID,37
NeighborListProfile,NeighbourList_SR4.5_full,ENBFunction.EUtranCellTDD.NeighborList.LTECell.37.PLMNID,46001
NeighborListProfile,NeighbourList_SR4.5_full,ENBFunction.EUtranCellTDD.NeighborList.LTECell.37.RSTxPower,0
NeighborListProfile,NeighbourList_SR4.5_full,ENBFunction.EUtranCellTDD.NeighborList.LTECell.37.TAC,8738
NeighborListProfile,NeighbourList_SR4.5_full,ENBFunction.EUtranCellTDD.NeighborList.LTECell.37.QOffset,0
NeighborListProfile,NeighbourList_SR4.5_full,ENBFunction.EUtranCellTDD.NeighborList.LTECell.37.Blacklisted,0
NeighborListProfile,NeighbourList_SR4.5_full,ENBFunction.EUtranCellTDD.NeighborList.LTECell.37.CSGIndication,0
NeighborListProfile,NeighbourList_SR4.5_full,ENBFunction.EUtranCellTDD.NeighborList.LTECell.37.EUTRACarrierARFCN,39051
NeighborListProfile,NeighbourList_SR4.5_full,ENBFunction.EUtranCellTDD.NeighborList.LTECell.37.CIO,0
NeighborListProfile,NeighbourList_SR4.5_full,ENBFunction.EUtranCellTDD.NeighborList.LTECell.37.CSGId,0
NeighborListProfile,NeighbourList_SR4.5_full,ENBFunction.EUtranCellTDD.NeighborList.LTECell.37.RemoveAllowed,0
,,,
NeighborListProfile,NeighbourList_SR4.5_full,ENBFunction.EUtranCellTDD.NeighborList.LTECell.38.EnbType,2
NeighborListProfile,NeighbourList_SR4.5_full,ENBFunction.EUtranCellTDD.NeighborList.LTECell.38.CID,38
NeighborListProfile,NeighbourList_SR4.5_full,ENBFunction.EUtranCellTDD.NeighborList.LTECell.38.PhyCellID,38
NeighborListProfile,NeighbourList_SR4.5_full,ENBFunction.EUtranCellTDD.NeighborList.LTECell.38.PLMNID,46001
NeighborListProfile,NeighbourList_SR4.5_full,ENBFunction.EUtranCellTDD.NeighborList.LTECell.38.RSTxPower,0
NeighborListProfile,NeighbourList_SR4.5_full,ENBFunction.EUtranCellTDD.NeighborList.LTECell.38.TAC,8738
NeighborListProfile,NeighbourList_SR4.5_full,ENBFunction.EUtranCellTDD.NeighborList.LTECell.38.QOffset,0
NeighborListProfile,NeighbourList_SR4.5_full,ENBFunction.EUtranCellTDD.NeighborList.LTECell.38.Blacklisted,0
NeighborListProfile,NeighbourList_SR4.5_full,ENBFunction.EUtranCellTDD.NeighborList.LTECell.38.CSGIndication,0
NeighborListProfile,NeighbourList_SR4.5_full,ENBFunction.EUtranCellTDD.NeighborList.LTECell.38.EUTRACarrierARFCN,39051
NeighborListProfile,NeighbourList_SR4.5_full,ENBFunction.EUtranCellTDD.NeighborList.LTECell.38.CIO,0
NeighborListProfile,NeighbourList_SR4.5_full,ENBFunction.EUtranCellTDD.NeighborList.LTECell.38.CSGId,0
NeighborListProfile,NeighbourList_SR4.5_full,ENBFunction.EUtranCellTDD.NeighborList.LTECell.38.RemoveAllowed,0
,,,
NeighborListProfile,NeighbourList_SR4.5_full,ENBFunction.EUtranCellTDD.NeighborList.LTECell.39.EnbType,2
NeighborListProfile,NeighbourList_SR4.5_full,ENBFunction.EUtranCellTDD.NeighborList.LTECell.39.CID,39
NeighborListProfile,NeighbourList_SR4.5_full,ENBFunction.EUtranCellTDD.NeighborList.LTECell.39.PhyCellID,39
NeighborListProfile,NeighbourList_SR4.5_full,ENBFunction.EUtranCellTDD.NeighborList.LTECell.39.PLMNID,46001
NeighborListProfile,NeighbourList_SR4.5_full,ENBFunction.EUtranCellTDD.NeighborList.LTECell.39.RSTxPower,0
NeighborListProfile,NeighbourList_SR4.5_full,ENBFunction.EUtranCellTDD.NeighborList.LTECell.39.TAC,8738
NeighborListProfile,NeighbourList_SR4.5_full,ENBFunction.EUtranCellTDD.NeighborList.LTECell.39.QOffset,0
NeighborListProfile,NeighbourList_SR4.5_full,ENBFunction.EUtranCellTDD.NeighborList.LTECell.39.Blacklisted,0
NeighborListProfile,NeighbourList_SR4.5_full,ENBFunction.EUtranCellTDD.NeighborList.LTECell.39.CSGIndication,0
NeighborListProfile,NeighbourList_SR4.5_full,ENBFunction.EUtranCellTDD.NeighborList.LTECell.39.EUTRACarrierARFCN,39051
NeighborListProfile,NeighbourList_SR4.5_full,ENBFunction.EUtranCellTDD.NeighborList.LTECell.39.CIO,0
NeighborListProfile,NeighbourList_SR4.5_full,ENBFunction.EUtranCellTDD.NeighborList.LTECell.39.CSGId,0
NeighborListProfile,NeighbourList_SR4.5_full,ENBFunction.EUtranCellTDD.NeighborList.LTECell.39.RemoveAllowed,0
,,,
NeighborListProfile,NeighbourList_SR4.5_full,ENBFunction.EUtranCellTDD.NeighborList.LTECell.40.EnbType,2
NeighborListProfile,NeighbourList_SR4.5_full,ENBFunction.EUtranCellTDD.NeighborList.LTECell.40.CID,40
NeighborListProfile,NeighbourList_SR4.5_full,ENBFunction.EUtranCellTDD.NeighborList.LTECell.40.PhyCellID,40
NeighborListProfile,NeighbourList_SR4.5_full,ENBFunction.EUtranCellTDD.NeighborList.LTECell.40.PLMNID,46001
NeighborListProfile,NeighbourList_SR4.5_full,ENBFunction.EUtranCellTDD.NeighborList.LTECell.40.RSTxPower,0
NeighborListProfile,NeighbourList_SR4.5_full,ENBFunction.EUtranCellTDD.NeighborList.LTECell.40.TAC,8738
NeighborListProfile,NeighbourList_SR4.5_full,ENBFunction.EUtranCellTDD.NeighborList.LTECell.40.QOffset,0
NeighborListProfile,NeighbourList_SR4.5_full,ENBFunction.EUtranCellTDD.NeighborList.LTECell.40.Blacklisted,0
NeighborListProfile,NeighbourList_SR4.5_full,ENBFunction.EUtranCellTDD.NeighborList.LTECell.40.CSGIndication,0
NeighborListProfile,NeighbourList_SR4.5_full,ENBFunction.EUtranCellTDD.NeighborList.LTECell.40.EUTRACarrierARFCN,39051
NeighborListProfile,NeighbourList_SR4.5_full,ENBFunction.EUtranCellTDD.NeighborList.LTECell.40.CIO,0
NeighborListProfile,NeighbourList_SR4.5_full,ENBFunction.EUtranCellTDD.NeighborList.LTECell.40.CSGId,0
NeighborListProfile,NeighbourList_SR4.5_full,ENBFunction.EUtranCellTDD.NeighborList.LTECell.40.RemoveAllowed,0
,,,
NeighborListProfile,NeighbourList_SR4.5_full,ENBFunction.EUtranCellTDD.NeighborList.LTECell.41.EnbType,2
NeighborListProfile,NeighbourList_SR4.5_full,ENBFunction.EUtranCellTDD.NeighborList.LTECell.41.CID,41
NeighborListProfile,NeighbourList_SR4.5_full,ENBFunction.EUtranCellTDD.NeighborList.LTECell.41.PhyCellID,41
NeighborListProfile,NeighbourList_SR4.5_full,ENBFunction.EUtranCellTDD.NeighborList.LTECell.41.PLMNID,46001
NeighborListProfile,NeighbourList_SR4.5_full,ENBFunction.EUtranCellTDD.NeighborList.LTECell.41.RSTxPower,0
NeighborListProfile,NeighbourList_SR4.5_full,ENBFunction.EUtranCellTDD.NeighborList.LTECell.41.TAC,8738
NeighborListProfile,NeighbourList_SR4.5_full,ENBFunction.EUtranCellTDD.NeighborList.LTECell.41.QOffset,0
NeighborListProfile,NeighbourList_SR4.5_full,ENBFunction.EUtranCellTDD.NeighborList.LTECell.41.Blacklisted,0
NeighborListProfile,NeighbourList_SR4.5_full,ENBFunction.EUtranCellTDD.NeighborList.LTECell.41.CSGIndication,0
NeighborListProfile,NeighbourList_SR4.5_full,ENBFunction.EUtranCellTDD.NeighborList.LTECell.41.EUTRACarrierARFCN,39051
NeighborListProfile,NeighbourList_SR4.5_full,ENBFunction.EUtranCellTDD.NeighborList.LTECell.41.CIO,0
NeighborListProfile,NeighbourList_SR4.5_full,ENBFunction.EUtranCellTDD.NeighborList.LTECell.41.CSGId,0
NeighborListProfile,NeighbourList_SR4.5_full,ENBFunction.EUtranCellTDD.NeighborList.LTECell.41.RemoveAllowed,0
,,,
NeighborListProfile,NeighbourList_SR4.5_full,ENBFunction.EUtranCellTDD.NeighborList.LTECell.42.EnbType,2
NeighborListProfile,NeighbourList_SR4.5_full,ENBFunction.EUtranCellTDD.NeighborList.LTECell.42.CID,42
NeighborListProfile,NeighbourList_SR4.5_full,ENBFunction.EUtranCellTDD.NeighborList.LTECell.42.PhyCellID,42
NeighborListProfile,NeighbourList_SR4.5_full,ENBFunction.EUtranCellTDD.NeighborList.LTECell.42.PLMNID,46001
NeighborListProfile,NeighbourList_SR4.5_full,ENBFunction.EUtranCellTDD.NeighborList.LTECell.42.RSTxPower,0
NeighborListProfile,NeighbourList_SR4.5_full,ENBFunction.EUtranCellTDD.NeighborList.LTECell.42.TAC,8738
NeighborListProfile,NeighbourList_SR4.5_full,ENBFunction.EUtranCellTDD.NeighborList.LTECell.42.QOffset,0
NeighborListProfile,NeighbourList_SR4.5_full,ENBFunction.EUtranCellTDD.NeighborList.LTECell.42.Blacklisted,0
NeighborListProfile,NeighbourList_SR4.5_full,ENBFunction.EUtranCellTDD.NeighborList.LTECell.42.CSGIndication,0
NeighborListProfile,NeighbourList_SR4.5_full,ENBFunction.EUtranCellTDD.NeighborList.LTECell.42.EUTRACarrierARFCN,39051
NeighborListProfile,NeighbourList_SR4.5_full,ENBFunction.EUtranCellTDD.NeighborList.LTECell.42.CIO,0
NeighborListProfile,NeighbourList_SR4.5_full,ENBFunction.EUtranCellTDD.NeighborList.LTECell.42.CSGId,0
NeighborListProfile,NeighbourList_SR4.5_full,ENBFunction.EUtranCellTDD.NeighborList.LTECell.42.RemoveAllowed,0
,,,
NeighborListProfile,NeighbourList_SR4.5_full,ENBFunction.EUtranCellTDD.NeighborList.LTECell.43.EnbType,2
NeighborListProfile,NeighbourList_SR4.5_full,ENBFunction.EUtranCellTDD.NeighborList.LTECell.43.CID,43
NeighborListProfile,NeighbourList_SR4.5_full,ENBFunction.EUtranCellTDD.NeighborList.LTECell.43.PhyCellID,43
NeighborListProfile,NeighbourList_SR4.5_full,ENBFunction.EUtranCellTDD.NeighborList.LTECell.43.PLMNID,46001
NeighborListProfile,NeighbourList_SR4.5_full,ENBFunction.EUtranCellTDD.NeighborList.LTECell.43.RSTxPower,0
NeighborListProfile,NeighbourList_SR4.5_full,ENBFunction.EUtranCellTDD.NeighborList.LTECell.43.TAC,8738
NeighborListProfile,NeighbourList_SR4.5_full,ENBFunction.EUtranCellTDD.NeighborList.LTECell.43.QOffset,0
NeighborListProfile,NeighbourList_SR4.5_full,ENBFunction.EUtranCellTDD.NeighborList.LTECell.43.Blacklisted,0
NeighborListProfile,NeighbourList_SR4.5_full,ENBFunction.EUtranCellTDD.NeighborList.LTECell.43.CSGIndication,0
NeighborListProfile,NeighbourList_SR4.5_full,ENBFunction.EUtranCellTDD.NeighborList.LTECell.43.EUTRACarrierARFCN,39051
NeighborListProfile,NeighbourList_SR4.5_full,ENBFunction.EUtranCellTDD.NeighborList.LTECell.43.CIO,0
NeighborListProfile,NeighbourList_SR4.5_full,ENBFunction.EUtranCellTDD.NeighborList.LTECell.43.CSGId,0
NeighborListProfile,NeighbourList_SR4.5_full,ENBFunction.EUtranCellTDD.NeighborList.LTECell.43.RemoveAllowed,0
,,,
NeighborListProfile,NeighbourList_SR4.5_full,ENBFunction.EUtranCellTDD.NeighborList.LTECell.44.EnbType,2
NeighborListProfile,NeighbourList_SR4.5_full,ENBFunction.EUtranCellTDD.NeighborList.LTECell.44.CID,44
NeighborListProfile,NeighbourList_SR4.5_full,ENBFunction.EUtranCellTDD.NeighborList.LTECell.44.PhyCellID,44
NeighborListProfile,NeighbourList_SR4.5_full,ENBFunction.EUtranCellTDD.NeighborList.LTECell.44.PLMNID,46001
NeighborListProfile,NeighbourList_SR4.5_full,ENBFunction.EUtranCellTDD.NeighborList.LTECell.44.RSTxPower,0
NeighborListProfile,NeighbourList_SR4.5_full,ENBFunction.EUtranCellTDD.NeighborList.LTECell.44.TAC,8738
NeighborListProfile,NeighbourList_SR4.5_full,ENBFunction.EUtranCellTDD.NeighborList.LTECell.44.QOffset,0
NeighborListProfile,NeighbourList_SR4.5_full,ENBFunction.EUtranCellTDD.NeighborList.LTECell.44.Blacklisted,0
NeighborListProfile,NeighbourList_SR4.5_full,ENBFunction.EUtranCellTDD.NeighborList.LTECell.44.CSGIndication,0
NeighborListProfile,NeighbourList_SR4.5_full,ENBFunction.EUtranCellTDD.NeighborList.LTECell.44.EUTRACarrierARFCN,39051
NeighborListProfile,NeighbourList_SR4.5_full,ENBFunction.EUtranCellTDD.NeighborList.LTECell.44.CIO,0
NeighborListProfile,NeighbourList_SR4.5_full,ENBFunction.EUtranCellTDD.NeighborList.LTECell.44.CSGId,0
NeighborListProfile,NeighbourList_SR4.5_full,ENBFunction.EUtranCellTDD.NeighborList.LTECell.44.RemoveAllowed,0
,,,
NeighborListProfile,NeighbourList_SR4.5_full,ENBFunction.EUtranCellTDD.NeighborList.LTECell.45.EnbType,2
NeighborListProfile,NeighbourList_SR4.5_full,ENBFunction.EUtranCellTDD.NeighborList.LTECell.45.CID,45
NeighborListProfile,NeighbourList_SR4.5_full,ENBFunction.EUtranCellTDD.NeighborList.LTECell.45.PhyCellID,45
NeighborListProfile,NeighbourList_SR4.5_full,ENBFunction.EUtranCellTDD.NeighborList.LTECell.45.PLMNID,46001
NeighborListProfile,NeighbourList_SR4.5_full,ENBFunction.EUtranCellTDD.NeighborList.LTECell.45.RSTxPower,0
NeighborListProfile,NeighbourList_SR4.5_full,ENBFunction.EUtranCellTDD.NeighborList.LTECell.45.TAC,8738
NeighborListProfile,NeighbourList_SR4.5_full,ENBFunction.EUtranCellTDD.NeighborList.LTECell.45.QOffset,0
NeighborListProfile,NeighbourList_SR4.5_full,ENBFunction.EUtranCellTDD.NeighborList.LTECell.45.Blacklisted,0
NeighborListProfile,NeighbourList_SR4.5_full,ENBFunction.EUtranCellTDD.NeighborList.LTECell.45.CSGIndication,0
NeighborListProfile,NeighbourList_SR4.5_full,ENBFunction.EUtranCellTDD.NeighborList.LTECell.45.EUTRACarrierARFCN,39051
NeighborListProfile,NeighbourList_SR4.5_full,ENBFunction.EUtranCellTDD.NeighborList.LTECell.45.CIO,0
NeighborListProfile,NeighbourList_SR4.5_full,ENBFunction.EUtranCellTDD.NeighborList.LTECell.45.CSGId,0
NeighborListProfile,NeighbourList_SR4.5_full,ENBFunction.EUtranCellTDD.NeighborList.LTECell.45.RemoveAllowed,0
,,,
NeighborListProfile,NeighbourList_SR4.5_full,ENBFunction.EUtranCellTDD.NeighborList.LTECell.46.EnbType,2
NeighborListProfile,NeighbourList_SR4.5_full,ENBFunction.EUtranCellTDD.NeighborList.LTECell.46.CID,46
NeighborListProfile,NeighbourList_SR4.5_full,ENBFunction.EUtranCellTDD.NeighborList.LTECell.46.PhyCellID,46
NeighborListProfile,NeighbourList_SR4.5_full,ENBFunction.EUtranCellTDD.NeighborList.LTECell.46.PLMNID,46001
NeighborListProfile,NeighbourList_SR4.5_full,ENBFunction.EUtranCellTDD.NeighborList.LTECell.46.RSTxPower,0
NeighborListProfile,NeighbourList_SR4.5_full,ENBFunction.EUtranCellTDD.NeighborList.LTECell.46.TAC,8738
NeighborListProfile,NeighbourList_SR4.5_full,ENBFunction.EUtranCellTDD.NeighborList.LTECell.46.QOffset,0
NeighborListProfile,NeighbourList_SR4.5_full,ENBFunction.EUtranCellTDD.NeighborList.LTECell.46.Blacklisted,0
NeighborListProfile,NeighbourList_SR4.5_full,ENBFunction.EUtranCellTDD.NeighborList.LTECell.46.CSGIndication,0
NeighborListProfile,NeighbourList_SR4.5_full,ENBFunction.EUtranCellTDD.NeighborList.LTECell.46.EUTRACarrierARFCN,39051
NeighborListProfile,NeighbourList_SR4.5_full,ENBFunction.EUtranCellTDD.NeighborList.LTECell.46.CIO,0
NeighborListProfile,NeighbourList_SR4.5_full,ENBFunction.EUtranCellTDD.NeighborList.LTECell.46.CSGId,0
NeighborListProfile,NeighbourList_SR4.5_full,ENBFunction.EUtranCellTDD.NeighborList.LTECell.46.RemoveAllowed,0
,,,
NeighborListProfile,NeighbourList_SR4.5_full,ENBFunction.EUtranCellTDD.NeighborList.LTECell.47.EnbType,2
NeighborListProfile,NeighbourList_SR4.5_full,ENBFunction.EUtranCellTDD.NeighborList.LTECell.47.CID,47
NeighborListProfile,NeighbourList_SR4.5_full,ENBFunction.EUtranCellTDD.NeighborList.LTECell.47.PhyCellID,47
NeighborListProfile,NeighbourList_SR4.5_full,ENBFunction.EUtranCellTDD.NeighborList.LTECell.47.PLMNID,46001
NeighborListProfile,NeighbourList_SR4.5_full,ENBFunction.EUtranCellTDD.NeighborList.LTECell.47.RSTxPower,0
NeighborListProfile,NeighbourList_SR4.5_full,ENBFunction.EUtranCellTDD.NeighborList.LTECell.47.TAC,8738
NeighborListProfile,NeighbourList_SR4.5_full,ENBFunction.EUtranCellTDD.NeighborList.LTECell.47.QOffset,0
NeighborListProfile,NeighbourList_SR4.5_full,ENBFunction.EUtranCellTDD.NeighborList.LTECell.47.Blacklisted,0
NeighborListProfile,NeighbourList_SR4.5_full,ENBFunction.EUtranCellTDD.NeighborList.LTECell.47.CSGIndication,0
NeighborListProfile,NeighbourList_SR4.5_full,ENBFunction.EUtranCellTDD.NeighborList.LTECell.47.EUTRACarrierARFCN,39051
NeighborListProfile,NeighbourList_SR4.5_full,ENBFunction.EUtranCellTDD.NeighborList.LTECell.47.CIO,0
NeighborListProfile,NeighbourList_SR4.5_full,ENBFunction.EUtranCellTDD.NeighborList.LTECell.47.CSGId,0
NeighborListProfile,NeighbourList_SR4.5_full,ENBFunction.EUtranCellTDD.NeighborList.LTECell.47.RemoveAllowed,0
,,,
NeighborListProfile,NeighbourList_SR4.5_full,ENBFunction.EUtranCellTDD.NeighborList.LTECell.48.EnbType,2
NeighborListProfile,NeighbourList_SR4.5_full,ENBFunction.EUtranCellTDD.NeighborList.LTECell.48.CID,48
NeighborListProfile,NeighbourList_SR4.5_full,ENBFunction.EUtranCellTDD.NeighborList.LTECell.48.PhyCellID,48
NeighborListProfile,NeighbourList_SR4.5_full,ENBFunction.EUtranCellTDD.NeighborList.LTECell.48.PLMNID,46001
NeighborListProfile,NeighbourList_SR4.5_full,ENBFunction.EUtranCellTDD.NeighborList.LTECell.48.RSTxPower,0
NeighborListProfile,NeighbourList_SR4.5_full,ENBFunction.EUtranCellTDD.NeighborList.LTECell.48.TAC,8738
NeighborListProfile,NeighbourList_SR4.5_full,ENBFunction.EUtranCellTDD.NeighborList.LTECell.48.QOffset,0
NeighborListProfile,NeighbourList_SR4.5_full,ENBFunction.EUtranCellTDD.NeighborList.LTECell.48.Blacklisted,0
NeighborListProfile,NeighbourList_SR4.5_full,ENBFunction.EUtranCellTDD.NeighborList.LTECell.48.CSGIndication,0
NeighborListProfile,NeighbourList_SR4.5_full,ENBFunction.EUtranCellTDD.NeighborList.LTECell.48.EUTRACarrierARFCN,39051
NeighborListProfile,NeighbourList_SR4.5_full,ENBFunction.EUtranCellTDD.NeighborList.LTECell.48.CIO,0
NeighborListProfile,NeighbourList_SR4.5_full,ENBFunction.EUtranCellTDD.NeighborList.LTECell.48.CSGId,0
NeighborListProfile,NeighbourList_SR4.5_full,ENBFunction.EUtranCellTDD.NeighborList.LTECell.48.RemoveAllowed,0
,,,
NeighborListProfile,NeighbourList_SR4.5_full,ENBFunction.EUtranCellTDD.NeighborList.LTECell.49.EnbType,2
NeighborListProfile,NeighbourList_SR4.5_full,ENBFunction.EUtranCellTDD.NeighborList.LTECell.49.CID,49
NeighborListProfile,NeighbourList_SR4.5_full,ENBFunction.EUtranCellTDD.NeighborList.LTECell.49.PhyCellID,49
NeighborListProfile,NeighbourList_SR4.5_full,ENBFunction.EUtranCellTDD.NeighborList.LTECell.49.PLMNID,46001
NeighborListProfile,NeighbourList_SR4.5_full,ENBFunction.EUtranCellTDD.NeighborList.LTECell.49.RSTxPower,0
NeighborListProfile,NeighbourList_SR4.5_full,ENBFunction.EUtranCellTDD.NeighborList.LTECell.49.TAC,8738
NeighborListProfile,NeighbourList_SR4.5_full,ENBFunction.EUtranCellTDD.NeighborList.LTECell.49.QOffset,0
NeighborListProfile,NeighbourList_SR4.5_full,ENBFunction.EUtranCellTDD.NeighborList.LTECell.49.Blacklisted,0
NeighborListProfile,NeighbourList_SR4.5_full,ENBFunction.EUtranCellTDD.NeighborList.LTECell.49.CSGIndication,0
NeighborListProfile,NeighbourList_SR4.5_full,ENBFunction.EUtranCellTDD.NeighborList.LTECell.49.EUTRACarrierARFCN,39051
NeighborListProfile,NeighbourList_SR4.5_full,ENBFunction.EUtranCellTDD.NeighborList.LTECell.49.CIO,0
NeighborListProfile,NeighbourList_SR4.5_full,ENBFunction.EUtranCellTDD.NeighborList.LTECell.49.CSGId,0
NeighborListProfile,NeighbourList_SR4.5_full,ENBFunction.EUtranCellTDD.NeighborList.LTECell.49.RemoveAllowed,0
,,,
NeighborListProfile,NeighbourList_SR4.5_full,ENBFunction.EUtranCellTDD.NeighborList.LTECell.50.EnbType,2
NeighborListProfile,NeighbourList_SR4.5_full,ENBFunction.EUtranCellTDD.NeighborList.LTECell.50.CID,50
NeighborListProfile,NeighbourList_SR4.5_full,ENBFunction.EUtranCellTDD.NeighborList.LTECell.50.PhyCellID,50
NeighborListProfile,NeighbourList_SR4.5_full,ENBFunction.EUtranCellTDD.NeighborList.LTECell.50.PLMNID,46001
NeighborListProfile,NeighbourList_SR4.5_full,ENBFunction.EUtranCellTDD.NeighborList.LTECell.50.RSTxPower,0
NeighborListProfile,NeighbourList_SR4.5_full,ENBFunction.EUtranCellTDD.NeighborList.LTECell.50.TAC,8738
NeighborListProfile,NeighbourList_SR4.5_full,ENBFunction.EUtranCellTDD.NeighborList.LTECell.50.QOffset,0
NeighborListProfile,NeighbourList_SR4.5_full,ENBFunction.EUtranCellTDD.NeighborList.LTECell.50.Blacklisted,0
NeighborListProfile,NeighbourList_SR4.5_full,ENBFunction.EUtranCellTDD.NeighborList.LTECell.50.CSGIndication,0
NeighborListProfile,NeighbourList_SR4.5_full,ENBFunction.EUtranCellTDD.NeighborList.LTECell.50.EUTRACarrierARFCN,39051
NeighborListProfile,NeighbourList_SR4.5_full,ENBFunction.EUtranCellTDD.NeighborList.LTECell.50.CIO,0
NeighborListProfile,NeighbourList_SR4.5_full,ENBFunction.EUtranCellTDD.NeighborList.LTECell.50.CSGId,0
NeighborListProfile,NeighbourList_SR4.5_full,ENBFunction.EUtranCellTDD.NeighborList.LTECell.50.RemoveAllowed,0
,,,
NeighborListProfile,NeighbourList_SR4.5_full,ENBFunction.EUtranCellTDD.NeighborList.LTECell.51.EnbType,2
NeighborListProfile,NeighbourList_SR4.5_full,ENBFunction.EUtranCellTDD.NeighborList.LTECell.51.CID,51
NeighborListProfile,NeighbourList_SR4.5_full,ENBFunction.EUtranCellTDD.NeighborList.LTECell.51.PhyCellID,51
NeighborListProfile,NeighbourList_SR4.5_full,ENBFunction.EUtranCellTDD.NeighborList.LTECell.51.PLMNID,46001
NeighborListProfile,NeighbourList_SR4.5_full,ENBFunction.EUtranCellTDD.NeighborList.LTECell.51.RSTxPower,0
NeighborListProfile,NeighbourList_SR4.5_full,ENBFunction.EUtranCellTDD.NeighborList.LTECell.51.TAC,8738
NeighborListProfile,NeighbourList_SR4.5_full,ENBFunction.EUtranCellTDD.NeighborList.LTECell.51.QOffset,0
NeighborListProfile,NeighbourList_SR4.5_full,ENBFunction.EUtranCellTDD.NeighborList.LTECell.51.Blacklisted,0
NeighborListProfile,NeighbourList_SR4.5_full,ENBFunction.EUtranCellTDD.NeighborList.LTECell.51.CSGIndication,0
NeighborListProfile,NeighbourList_SR4.5_full,ENBFunction.EUtranCellTDD.NeighborList.LTECell.51.EUTRACarrierARFCN,39051
NeighborListProfile,NeighbourList_SR4.5_full,ENBFunction.EUtranCellTDD.NeighborList.LTECell.51.CIO,0
NeighborListProfile,NeighbourList_SR4.5_full,ENBFunction.EUtranCellTDD.NeighborList.LTECell.51.CSGId,0
NeighborListProfile,NeighbourList_SR4.5_full,ENBFunction.EUtranCellTDD.NeighborList.LTECell.51.RemoveAllowed,0
,,,
NeighborListProfile,NeighbourList_SR4.5_full,ENBFunction.EUtranCellTDD.NeighborList.LTECell.52.EnbType,2
NeighborListProfile,NeighbourList_SR4.5_full,ENBFunction.EUtranCellTDD.NeighborList.LTECell.52.CID,52
NeighborListProfile,NeighbourList_SR4.5_full,ENBFunction.EUtranCellTDD.NeighborList.LTECell.52.PhyCellID,52
NeighborListProfile,NeighbourList_SR4.5_full,ENBFunction.EUtranCellTDD.NeighborList.LTECell.52.PLMNID,46001
NeighborListProfile,NeighbourList_SR4.5_full,ENBFunction.EUtranCellTDD.NeighborList.LTECell.52.RSTxPower,0
NeighborListProfile,NeighbourList_SR4.5_full,ENBFunction.EUtranCellTDD.NeighborList.LTECell.52.TAC,8738
NeighborListProfile,NeighbourList_SR4.5_full,ENBFunction.EUtranCellTDD.NeighborList.LTECell.52.QOffset,0
NeighborListProfile,NeighbourList_SR4.5_full,ENBFunction.EUtranCellTDD.NeighborList.LTECell.52.Blacklisted,0
NeighborListProfile,NeighbourList_SR4.5_full,ENBFunction.EUtranCellTDD.NeighborList.LTECell.52.CSGIndication,0
NeighborListProfile,NeighbourList_SR4.5_full,ENBFunction.EUtranCellTDD.NeighborList.LTECell.52.EUTRACarrierARFCN,39051
NeighborListProfile,NeighbourList_SR4.5_full,ENBFunction.EUtranCellTDD.NeighborList.LTECell.52.CIO,0
NeighborListProfile,NeighbourList_SR4.5_full,ENBFunction.EUtranCellTDD.NeighborList.LTECell.52.CSGId,0
NeighborListProfile,NeighbourList_SR4.5_full,ENBFunction.EUtranCellTDD.NeighborList.LTECell.52.RemoveAllowed,0
,,,
NeighborListProfile,NeighbourList_SR4.5_full,ENBFunction.EUtranCellTDD.NeighborList.LTECell.53.EnbType,2
NeighborListProfile,NeighbourList_SR4.5_full,ENBFunction.EUtranCellTDD.NeighborList.LTECell.53.CID,53
NeighborListProfile,NeighbourList_SR4.5_full,ENBFunction.EUtranCellTDD.NeighborList.LTECell.53.PhyCellID,53
NeighborListProfile,NeighbourList_SR4.5_full,ENBFunction.EUtranCellTDD.NeighborList.LTECell.53.PLMNID,46001
NeighborListProfile,NeighbourList_SR4.5_full,ENBFunction.EUtranCellTDD.NeighborList.LTECell.53.RSTxPower,0
NeighborListProfile,NeighbourList_SR4.5_full,ENBFunction.EUtranCellTDD.NeighborList.LTECell.53.TAC,8738
NeighborListProfile,NeighbourList_SR4.5_full,ENBFunction.EUtranCellTDD.NeighborList.LTECell.53.QOffset,0
NeighborListProfile,NeighbourList_SR4.5_full,ENBFunction.EUtranCellTDD.NeighborList.LTECell.53.Blacklisted,0
NeighborListProfile,NeighbourList_SR4.5_full,ENBFunction.EUtranCellTDD.NeighborList.LTECell.53.CSGIndication,0
NeighborListProfile,NeighbourList_SR4.5_full,ENBFunction.EUtranCellTDD.NeighborList.LTECell.53.EUTRACarrierARFCN,39051
NeighborListProfile,NeighbourList_SR4.5_full,ENBFunction.EUtranCellTDD.NeighborList.LTECell.53.CIO,0
NeighborListProfile,NeighbourList_SR4.5_full,ENBFunction.EUtranCellTDD.NeighborList.LTECell.53.CSGId,0
NeighborListProfile,NeighbourList_SR4.5_full,ENBFunction.EUtranCellTDD.NeighborList.LTECell.53.RemoveAllowed,0
,,,
NeighborListProfile,NeighbourList_SR4.5_full,ENBFunction.EUtranCellTDD.NeighborList.LTECell.54.EnbType,2
NeighborListProfile,NeighbourList_SR4.5_full,ENBFunction.EUtranCellTDD.NeighborList.LTECell.54.CID,54
NeighborListProfile,NeighbourList_SR4.5_full,ENBFunction.EUtranCellTDD.NeighborList.LTECell.54.PhyCellID,54
NeighborListProfile,NeighbourList_SR4.5_full,ENBFunction.EUtranCellTDD.NeighborList.LTECell.54.PLMNID,46001
NeighborListProfile,NeighbourList_SR4.5_full,ENBFunction.EUtranCellTDD.NeighborList.LTECell.54.RSTxPower,0
NeighborListProfile,NeighbourList_SR4.5_full,ENBFunction.EUtranCellTDD.NeighborList.LTECell.54.TAC,8738
NeighborListProfile,NeighbourList_SR4.5_full,ENBFunction.EUtranCellTDD.NeighborList.LTECell.54.QOffset,0
NeighborListProfile,NeighbourList_SR4.5_full,ENBFunction.EUtranCellTDD.NeighborList.LTECell.54.Blacklisted,0
NeighborListProfile,NeighbourList_SR4.5_full,ENBFunction.EUtranCellTDD.NeighborList.LTECell.54.CSGIndication,0
NeighborListProfile,NeighbourList_SR4.5_full,ENBFunction.EUtranCellTDD.NeighborList.LTECell.54.EUTRACarrierARFCN,39051
NeighborListProfile,NeighbourList_SR4.5_full,ENBFunction.EUtranCellTDD.NeighborList.LTECell.54.CIO,0
NeighborListProfile,NeighbourList_SR4.5_full,ENBFunction.EUtranCellTDD.NeighborList.LTECell.54.CSGId,0
NeighborListProfile,NeighbourList_SR4.5_full,ENBFunction.EUtranCellTDD.NeighborList.LTECell.54.RemoveAllowed,0
,,,
NeighborListProfile,NeighbourList_SR4.5_full,ENBFunction.EUtranCellTDD.NeighborList.LTECell.55.EnbType,2
NeighborListProfile,NeighbourList_SR4.5_full,ENBFunction.EUtranCellTDD.NeighborList.LTECell.55.CID,55
NeighborListProfile,NeighbourList_SR4.5_full,ENBFunction.EUtranCellTDD.NeighborList.LTECell.55.PhyCellID,55
NeighborListProfile,NeighbourList_SR4.5_full,ENBFunction.EUtranCellTDD.NeighborList.LTECell.55.PLMNID,46001
NeighborListProfile,NeighbourList_SR4.5_full,ENBFunction.EUtranCellTDD.NeighborList.LTECell.55.RSTxPower,0
NeighborListProfile,NeighbourList_SR4.5_full,ENBFunction.EUtranCellTDD.NeighborList.LTECell.55.TAC,8738
NeighborListProfile,NeighbourList_SR4.5_full,ENBFunction.EUtranCellTDD.NeighborList.LTECell.55.QOffset,0
NeighborListProfile,NeighbourList_SR4.5_full,ENBFunction.EUtranCellTDD.NeighborList.LTECell.55.Blacklisted,0
NeighborListProfile,NeighbourList_SR4.5_full,ENBFunction.EUtranCellTDD.NeighborList.LTECell.55.CSGIndication,0
NeighborListProfile,NeighbourList_SR4.5_full,ENBFunction.EUtranCellTDD.NeighborList.LTECell.55.EUTRACarrierARFCN,39051
NeighborListProfile,NeighbourList_SR4.5_full,ENBFunction.EUtranCellTDD.NeighborList.LTECell.55.CIO,0
NeighborListProfile,NeighbourList_SR4.5_full,ENBFunction.EUtranCellTDD.NeighborList.LTECell.55.CSGId,0
NeighborListProfile,NeighbourList_SR4.5_full,ENBFunction.EUtranCellTDD.NeighborList.LTECell.55.RemoveAllowed,0
,,,
NeighborListProfile,NeighbourList_SR4.5_full,ENBFunction.EUtranCellTDD.NeighborList.LTECell.56.EnbType,2
NeighborListProfile,NeighbourList_SR4.5_full,ENBFunction.EUtranCellTDD.NeighborList.LTECell.56.CID,56
NeighborListProfile,NeighbourList_SR4.5_full,ENBFunction.EUtranCellTDD.NeighborList.LTECell.56.PhyCellID,56
NeighborListProfile,NeighbourList_SR4.5_full,ENBFunction.EUtranCellTDD.NeighborList.LTECell.56.PLMNID,46001
NeighborListProfile,NeighbourList_SR4.5_full,ENBFunction.EUtranCellTDD.NeighborList.LTECell.56.RSTxPower,0
NeighborListProfile,NeighbourList_SR4.5_full,ENBFunction.EUtranCellTDD.NeighborList.LTECell.56.TAC,8738
NeighborListProfile,NeighbourList_SR4.5_full,ENBFunction.EUtranCellTDD.NeighborList.LTECell.56.QOffset,0
NeighborListProfile,NeighbourList_SR4.5_full,ENBFunction.EUtranCellTDD.NeighborList.LTECell.56.Blacklisted,0
NeighborListProfile,NeighbourList_SR4.5_full,ENBFunction.EUtranCellTDD.NeighborList.LTECell.56.CSGIndication,0
NeighborListProfile,NeighbourList_SR4.5_full,ENBFunction.EUtranCellTDD.NeighborList.LTECell.56.EUTRACarrierARFCN,39051
NeighborListProfile,NeighbourList_SR4.5_full,ENBFunction.EUtranCellTDD.NeighborList.LTECell.56.CIO,0
NeighborListProfile,NeighbourList_SR4.5_full,ENBFunction.EUtranCellTDD.NeighborList.LTECell.56.CSGId,0
NeighborListProfile,NeighbourList_SR4.5_full,ENBFunction.EUtranCellTDD.NeighborList.LTECell.56.RemoveAllowed,0
,,,
NeighborListProfile,NeighbourList_SR4.5_full,ENBFunction.EUtranCellTDD.NeighborList.LTECell.57.EnbType,2
NeighborListProfile,NeighbourList_SR4.5_full,ENBFunction.EUtranCellTDD.NeighborList.LTECell.57.CID,57
NeighborListProfile,NeighbourList_SR4.5_full,ENBFunction.EUtranCellTDD.NeighborList.LTECell.57.PhyCellID,57
NeighborListProfile,NeighbourList_SR4.5_full,ENBFunction.EUtranCellTDD.NeighborList.LTECell.57.PLMNID,46001
NeighborListProfile,NeighbourList_SR4.5_full,ENBFunction.EUtranCellTDD.NeighborList.LTECell.57.RSTxPower,0
NeighborListProfile,NeighbourList_SR4.5_full,ENBFunction.EUtranCellTDD.NeighborList.LTECell.57.TAC,8738
NeighborListProfile,NeighbourList_SR4.5_full,ENBFunction.EUtranCellTDD.NeighborList.LTECell.57.QOffset,0
NeighborListProfile,NeighbourList_SR4.5_full,ENBFunction.EUtranCellTDD.NeighborList.LTECell.57.Blacklisted,0
NeighborListProfile,NeighbourList_SR4.5_full,ENBFunction.EUtranCellTDD.NeighborList.LTECell.57.CSGIndication,0
NeighborListProfile,NeighbourList_SR4.5_full,ENBFunction.EUtranCellTDD.NeighborList.LTECell.57.EUTRACarrierARFCN,39051
NeighborListProfile,NeighbourList_SR4.5_full,ENBFunction.EUtranCellTDD.NeighborList.LTECell.57.CIO,0
NeighborListProfile,NeighbourList_SR4.5_full,ENBFunction.EUtranCellTDD.NeighborList.LTECell.57.CSGId,0
NeighborListProfile,NeighbourList_SR4.5_full,ENBFunction.EUtranCellTDD.NeighborList.LTECell.57.RemoveAllowed,0
,,,
NeighborListProfile,NeighbourList_SR4.5_full,ENBFunction.EUtranCellTDD.NeighborList.LTECell.58.EnbType,2
NeighborListProfile,NeighbourList_SR4.5_full,ENBFunction.EUtranCellTDD.NeighborList.LTECell.58.CID,58
NeighborListProfile,NeighbourList_SR4.5_full,ENBFunction.EUtranCellTDD.NeighborList.LTECell.58.PhyCellID,58
NeighborListProfile,NeighbourList_SR4.5_full,ENBFunction.EUtranCellTDD.NeighborList.LTECell.58.PLMNID,46001
NeighborListProfile,NeighbourList_SR4.5_full,ENBFunction.EUtranCellTDD.NeighborList.LTECell.58.RSTxPower,0
NeighborListProfile,NeighbourList_SR4.5_full,ENBFunction.EUtranCellTDD.NeighborList.LTECell.58.TAC,8738
NeighborListProfile,NeighbourList_SR4.5_full,ENBFunction.EUtranCellTDD.NeighborList.LTECell.58.QOffset,0
NeighborListProfile,NeighbourList_SR4.5_full,ENBFunction.EUtranCellTDD.NeighborList.LTECell.58.Blacklisted,0
NeighborListProfile,NeighbourList_SR4.5_full,ENBFunction.EUtranCellTDD.NeighborList.LTECell.58.CSGIndication,0
NeighborListProfile,NeighbourList_SR4.5_full,ENBFunction.EUtranCellTDD.NeighborList.LTECell.58.EUTRACarrierARFCN,39051
NeighborListProfile,NeighbourList_SR4.5_full,ENBFunction.EUtranCellTDD.NeighborList.LTECell.58.CIO,0
NeighborListProfile,NeighbourList_SR4.5_full,ENBFunction.EUtranCellTDD.NeighborList.LTECell.58.CSGId,0
NeighborListProfile,NeighbourList_SR4.5_full,ENBFunction.EUtranCellTDD.NeighborList.LTECell.58.RemoveAllowed,0
,,,
NeighborListProfile,NeighbourList_SR4.5_full,ENBFunction.EUtranCellTDD.NeighborList.LTECell.59.EnbType,2
NeighborListProfile,NeighbourList_SR4.5_full,ENBFunction.EUtranCellTDD.NeighborList.LTECell.59.CID,59
NeighborListProfile,NeighbourList_SR4.5_full,ENBFunction.EUtranCellTDD.NeighborList.LTECell.59.PhyCellID,59
NeighborListProfile,NeighbourList_SR4.5_full,ENBFunction.EUtranCellTDD.NeighborList.LTECell.59.PLMNID,46001
NeighborListProfile,NeighbourList_SR4.5_full,ENBFunction.EUtranCellTDD.NeighborList.LTECell.59.RSTxPower,0
NeighborListProfile,NeighbourList_SR4.5_full,ENBFunction.EUtranCellTDD.NeighborList.LTECell.59.TAC,8738
NeighborListProfile,NeighbourList_SR4.5_full,ENBFunction.EUtranCellTDD.NeighborList.LTECell.59.QOffset,0
NeighborListProfile,NeighbourList_SR4.5_full,ENBFunction.EUtranCellTDD.NeighborList.LTECell.59.Blacklisted,0
NeighborListProfile,NeighbourList_SR4.5_full,ENBFunction.EUtranCellTDD.NeighborList.LTECell.59.CSGIndication,0
NeighborListProfile,NeighbourList_SR4.5_full,ENBFunction.EUtranCellTDD.NeighborList.LTECell.59.EUTRACarrierARFCN,39051
NeighborListProfile,NeighbourList_SR4.5_full,ENBFunction.EUtranCellTDD.NeighborList.LTECell.59.CIO,0
NeighborListProfile,NeighbourList_SR4.5_full,ENBFunction.EUtranCellTDD.NeighborList.LTECell.59.CSGId,0
NeighborListProfile,NeighbourList_SR4.5_full,ENBFunction.EUtranCellTDD.NeighborList.LTECell.59.RemoveAllowed,0
,,,
NeighborListProfile,NeighbourList_SR4.5_full,ENBFunction.EUtranCellTDD.NeighborList.LTECell.60.EnbType,2
NeighborListProfile,NeighbourList_SR4.5_full,ENBFunction.EUtranCellTDD.NeighborList.LTECell.60.CID,60
NeighborListProfile,NeighbourList_SR4.5_full,ENBFunction.EUtranCellTDD.NeighborList.LTECell.60.PhyCellID,60
NeighborListProfile,NeighbourList_SR4.5_full,ENBFunction.EUtranCellTDD.NeighborList.LTECell.60.PLMNID,46001
NeighborListProfile,NeighbourList_SR4.5_full,ENBFunction.EUtranCellTDD.NeighborList.LTECell.60.RSTxPower,0
NeighborListProfile,NeighbourList_SR4.5_full,ENBFunction.EUtranCellTDD.NeighborList.LTECell.60.TAC,8738
NeighborListProfile,NeighbourList_SR4.5_full,ENBFunction.EUtranCellTDD.NeighborList.LTECell.60.QOffset,0
NeighborListProfile,NeighbourList_SR4.5_full,ENBFunction.EUtranCellTDD.NeighborList.LTECell.60.Blacklisted,0
NeighborListProfile,NeighbourList_SR4.5_full,ENBFunction.EUtranCellTDD.NeighborList.LTECell.60.CSGIndication,0
NeighborListProfile,NeighbourList_SR4.5_full,ENBFunction.EUtranCellTDD.NeighborList.LTECell.60.EUTRACarrierARFCN,39051
NeighborListProfile,NeighbourList_SR4.5_full,ENBFunction.EUtranCellTDD.NeighborList.LTECell.60.CIO,0
NeighborListProfile,NeighbourList_SR4.5_full,ENBFunction.EUtranCellTDD.NeighborList.LTECell.60.CSGId,0
NeighborListProfile,NeighbourList_SR4.5_full,ENBFunction.EUtranCellTDD.NeighborList.LTECell.60.RemoveAllowed,0
,,,
NeighborListProfile,NeighbourList_SR4.5_full,ENBFunction.EUtranCellTDD.NeighborList.LTECell.61.EnbType,2
NeighborListProfile,NeighbourList_SR4.5_full,ENBFunction.EUtranCellTDD.NeighborList.LTECell.61.CID,61
NeighborListProfile,NeighbourList_SR4.5_full,ENBFunction.EUtranCellTDD.NeighborList.LTECell.61.PhyCellID,61
NeighborListProfile,NeighbourList_SR4.5_full,ENBFunction.EUtranCellTDD.NeighborList.LTECell.61.PLMNID,46001
NeighborListProfile,NeighbourList_SR4.5_full,ENBFunction.EUtranCellTDD.NeighborList.LTECell.61.RSTxPower,0
NeighborListProfile,NeighbourList_SR4.5_full,ENBFunction.EUtranCellTDD.NeighborList.LTECell.61.TAC,8738
NeighborListProfile,NeighbourList_SR4.5_full,ENBFunction.EUtranCellTDD.NeighborList.LTECell.61.QOffset,0
NeighborListProfile,NeighbourList_SR4.5_full,ENBFunction.EUtranCellTDD.NeighborList.LTECell.61.Blacklisted,0
NeighborListProfile,NeighbourList_SR4.5_full,ENBFunction.EUtranCellTDD.NeighborList.LTECell.61.CSGIndication,0
NeighborListProfile,NeighbourList_SR4.5_full,ENBFunction.EUtranCellTDD.NeighborList.LTECell.61.EUTRACarrierARFCN,39051
NeighborListProfile,NeighbourList_SR4.5_full,ENBFunction.EUtranCellTDD.NeighborList.LTECell.61.CIO,0
NeighborListProfile,NeighbourList_SR4.5_full,ENBFunction.EUtranCellTDD.NeighborList.LTECell.61.CSGId,0
NeighborListProfile,NeighbourList_SR4.5_full,ENBFunction.EUtranCellTDD.NeighborList.LTECell.61.RemoveAllowed,0
,,,
NeighborListProfile,NeighbourList_SR4.5_full,ENBFunction.EUtranCellTDD.NeighborList.LTECell.62.EnbType,2
NeighborListProfile,NeighbourList_SR4.5_full,ENBFunction.EUtranCellTDD.NeighborList.LTECell.62.CID,62
NeighborListProfile,NeighbourList_SR4.5_full,ENBFunction.EUtranCellTDD.NeighborList.LTECell.62.PhyCellID,62
NeighborListProfile,NeighbourList_SR4.5_full,ENBFunction.EUtranCellTDD.NeighborList.LTECell.62.PLMNID,46001
NeighborListProfile,NeighbourList_SR4.5_full,ENBFunction.EUtranCellTDD.NeighborList.LTECell.62.RSTxPower,0
NeighborListProfile,NeighbourList_SR4.5_full,ENBFunction.EUtranCellTDD.NeighborList.LTECell.62.TAC,8738
NeighborListProfile,NeighbourList_SR4.5_full,ENBFunction.EUtranCellTDD.NeighborList.LTECell.62.QOffset,0
NeighborListProfile,NeighbourList_SR4.5_full,ENBFunction.EUtranCellTDD.NeighborList.LTECell.62.Blacklisted,0
NeighborListProfile,NeighbourList_SR4.5_full,ENBFunction.EUtranCellTDD.NeighborList.LTECell.62.CSGIndication,0
NeighborListProfile,NeighbourList_SR4.5_full,ENBFunction.EUtranCellTDD.NeighborList.LTECell.62.EUTRACarrierARFCN,39051
NeighborListProfile,NeighbourList_SR4.5_full,ENBFunction.EUtranCellTDD.NeighborList.LTECell.62.CIO,0
NeighborListProfile,NeighbourList_SR4.5_full,ENBFunction.EUtranCellTDD.NeighborList.LTECell.62.CSGId,0
NeighborListProfile,NeighbourList_SR4.5_full,ENBFunction.EUtranCellTDD.NeighborList.LTECell.62.RemoveAllowed,0
,,,
NeighborListProfile,NeighbourList_SR4.5_full,ENBFunction.EUtranCellTDD.NeighborList.LTECell.63.EnbType,2
NeighborListProfile,NeighbourList_SR4.5_full,ENBFunction.EUtranCellTDD.NeighborList.LTECell.63.CID,63
NeighborListProfile,NeighbourList_SR4.5_full,ENBFunction.EUtranCellTDD.NeighborList.LTECell.63.PhyCellID,63
NeighborListProfile,NeighbourList_SR4.5_full,ENBFunction.EUtranCellTDD.NeighborList.LTECell.63.PLMNID,46001
NeighborListProfile,NeighbourList_SR4.5_full,ENBFunction.EUtranCellTDD.NeighborList.LTECell.63.RSTxPower,0
NeighborListProfile,NeighbourList_SR4.5_full,ENBFunction.EUtranCellTDD.NeighborList.LTECell.63.TAC,8738
NeighborListProfile,NeighbourList_SR4.5_full,ENBFunction.EUtranCellTDD.NeighborList.LTECell.63.QOffset,0
NeighborListProfile,NeighbourList_SR4.5_full,ENBFunction.EUtranCellTDD.NeighborList.LTECell.63.Blacklisted,0
NeighborListProfile,NeighbourList_SR4.5_full,ENBFunction.EUtranCellTDD.NeighborList.LTECell.63.CSGIndication,0
NeighborListProfile,NeighbourList_SR4.5_full,ENBFunction.EUtranCellTDD.NeighborList.LTECell.63.EUTRACarrierARFCN,39051
NeighborListProfile,NeighbourList_SR4.5_full,ENBFunction.EUtranCellTDD.NeighborList.LTECell.63.CIO,0
NeighborListProfile,NeighbourList_SR4.5_full,ENBFunction.EUtranCellTDD.NeighborList.LTECell.63.CSGId,0
NeighborListProfile,NeighbourList_SR4.5_full,ENBFunction.EUtranCellTDD.NeighborList.LTECell.63.RemoveAllowed,0
,,,
NeighborListProfile,NeighbourList_SR4.5_full,ENBFunction.EUtranCellTDD.NeighborList.LTECell.64.EnbType,2
NeighborListProfile,NeighbourList_SR4.5_full,ENBFunction.EUtranCellTDD.NeighborList.LTECell.64.CID,64
NeighborListProfile,NeighbourList_SR4.5_full,ENBFunction.EUtranCellTDD.NeighborList.LTECell.64.PhyCellID,64
NeighborListProfile,NeighbourList_SR4.5_full,ENBFunction.EUtranCellTDD.NeighborList.LTECell.64.PLMNID,46001
NeighborListProfile,NeighbourList_SR4.5_full,ENBFunction.EUtranCellTDD.NeighborList.LTECell.64.RSTxPower,0
NeighborListProfile,NeighbourList_SR4.5_full,ENBFunction.EUtranCellTDD.NeighborList.LTECell.64.TAC,8738
NeighborListProfile,NeighbourList_SR4.5_full,ENBFunction.EUtranCellTDD.NeighborList.LTECell.64.QOffset,0
NeighborListProfile,NeighbourList_SR4.5_full,ENBFunction.EUtranCellTDD.NeighborList.LTECell.64.Blacklisted,0
NeighborListProfile,NeighbourList_SR4.5_full,ENBFunction.EUtranCellTDD.NeighborList.LTECell.64.CSGIndication,0
NeighborListProfile,NeighbourList_SR4.5_full,ENBFunction.EUtranCellTDD.NeighborList.LTECell.64.EUTRACarrierARFCN,39051
NeighborListProfile,NeighbourList_SR4.5_full,ENBFunction.EUtranCellTDD.NeighborList.LTECell.64.CIO,0
NeighborListProfile,NeighbourList_SR4.5_full,ENBFunction.EUtranCellTDD.NeighborList.LTECell.64.CSGId,0
NeighborListProfile,NeighbourList_SR4.5_full,ENBFunction.EUtranCellTDD.NeighborList.LTECell.64.RemoveAllowed,0
,,,
NeighborListProfile,NeighbourList_SR4.5_full,ENBFunction.EUtranCellTDD.NeighborList.LTECell.65.EnbType,2
NeighborListProfile,NeighbourList_SR4.5_full,ENBFunction.EUtranCellTDD.NeighborList.LTECell.65.CID,65
NeighborListProfile,NeighbourList_SR4.5_full,ENBFunction.EUtranCellTDD.NeighborList.LTECell.65.PhyCellID,65
NeighborListProfile,NeighbourList_SR4.5_full,ENBFunction.EUtranCellTDD.NeighborList.LTECell.65.PLMNID,46001
NeighborListProfile,NeighbourList_SR4.5_full,ENBFunction.EUtranCellTDD.NeighborList.LTECell.65.RSTxPower,0
NeighborListProfile,NeighbourList_SR4.5_full,ENBFunction.EUtranCellTDD.NeighborList.LTECell.65.TAC,8738
NeighborListProfile,NeighbourList_SR4.5_full,ENBFunction.EUtranCellTDD.NeighborList.LTECell.65.QOffset,0
NeighborListProfile,NeighbourList_SR4.5_full,ENBFunction.EUtranCellTDD.NeighborList.LTECell.65.Blacklisted,0
NeighborListProfile,NeighbourList_SR4.5_full,ENBFunction.EUtranCellTDD.NeighborList.LTECell.65.CSGIndication,0
NeighborListProfile,NeighbourList_SR4.5_full,ENBFunction.EUtranCellTDD.NeighborList.LTECell.65.EUTRACarrierARFCN,39051
NeighborListProfile,NeighbourList_SR4.5_full,ENBFunction.EUtranCellTDD.NeighborList.LTECell.65.CIO,0
NeighborListProfile,NeighbourList_SR4.5_full,ENBFunction.EUtranCellTDD.NeighborList.LTECell.65.CSGId,0
NeighborListProfile,NeighbourList_SR4.5_full,ENBFunction.EUtranCellTDD.NeighborList.LTECell.65.RemoveAllowed,0
